x-axis,1,2
second,Volt,Volt
+0.0E+00,-71.2359447394E+00,+176.0216751E-03
+500.0E-09,-71.2398040359E+00,+175.9322681E-03
+1.0000E-06,-71.2436633323E+00,+175.8428611E-03
+1.5000E-06,-71.2475226287E+00,+175.7534540E-03
+2.0000E-06,-71.2513819252E+00,+175.6640470E-03
+2.5000E-06,-71.2552412216E+00,+175.5746400E-03
+3.0000E-06,-71.2591005181E+00,+175.4852329E-03
+3.5000E-06,-71.2629598145E+00,+175.3958259E-03
+4.0000E-06,-71.2668191110E+00,+175.3064189E-03
+4.5000E-06,-71.2706784074E+00,+175.2170118E-03
+5.0000E-06,-71.2745377038E+00,+175.1276048E-03
+5.5000E-06,-71.2783970003E+00,+175.0381978E-03
+6.0000E-06,-71.2822562967E+00,+174.9487907E-03
+6.5000E-06,-71.2861155932E+00,+174.8593837E-03
+7.0000E-06,-71.2899748896E+00,+174.7699767E-03
+7.5000E-06,-71.2938341860E+00,+174.6805696E-03
+8.0000E-06,-71.2976934825E+00,+174.5911626E-03
+8.5000E-06,-71.3015527789E+00,+174.5017556E-03
+9.0000E-06,-71.3054120754E+00,+174.4123485E-03
+9.5000E-06,-71.3092713718E+00,+174.3229415E-03
+10.0000E-06,-71.3131306682E+00,+174.2335345E-03
+10.5000E-06,-71.3169899647E+00,+174.1441274E-03
+11.0000E-06,-71.3208492611E+00,+174.0547204E-03
+11.5000E-06,-71.3247085576E+00,+173.9653134E-03
+12.0000E-06,-71.3285678540E+00,+173.8759063E-03
+12.5000E-06,-71.3324271505E+00,+173.7864993E-03
+13.0000E-06,-71.3362864469E+00,+173.6970922E-03
+13.5000E-06,-71.3401457433E+00,+173.6076852E-03
+14.0000E-06,-71.3440050398E+00,+173.5182782E-03
+14.5000E-06,-71.3478643362E+00,+173.4288711E-03
+15.0000E-06,-71.3517236327E+00,+173.3394641E-03
+15.5000E-06,-71.3555829291E+00,+173.2500571E-03
+16.0000E-06,-71.3594422255E+00,+173.1606500E-03
+16.5000E-06,-71.3633015220E+00,+173.0712430E-03
+17.0000E-06,-71.3671608184E+00,+172.9818360E-03
+17.5000E-06,-71.3710201149E+00,+172.8924289E-03
+18.0000E-06,-71.3748794113E+00,+172.8030219E-03
+18.5000E-06,-71.3787387077E+00,+172.7136149E-03
+19.0000E-06,-71.3825980042E+00,+172.6242078E-03
+19.5000E-06,-71.3864573006E+00,+172.5348008E-03
+20.0000E-06,-71.3903165971E+00,+172.4453938E-03
+20.5000E-06,-71.3941758935E+00,+172.3559867E-03
+21.0000E-06,-71.3980351900E+00,+172.2665797E-03
+21.5000E-06,-71.4018944864E+00,+172.1771727E-03
+22.0000E-06,-71.4057537828E+00,+172.0877656E-03
+22.5000E-06,-71.4096130793E+00,+171.9983586E-03
+23.0000E-06,-71.4134723757E+00,+171.9089516E-03
+23.5000E-06,-71.4173316722E+00,+171.8195445E-03
+24.0000E-06,-71.4211909686E+00,+171.7301375E-03
+24.5000E-06,-71.4250502650E+00,+171.6407305E-03
+25.0000E-06,-71.4289095615E+00,+171.5513234E-03
+25.5000E-06,-71.4327688579E+00,+171.4619164E-03
+26.0000E-06,-71.4366281544E+00,+171.3725094E-03
+26.5000E-06,-71.4404874508E+00,+171.2831023E-03
+27.0000E-06,-71.4443467472E+00,+171.1936953E-03
+27.5000E-06,-71.4482060437E+00,+171.1042883E-03
+28.0000E-06,-71.4520653401E+00,+171.0148812E-03
+28.5000E-06,-71.4559246366E+00,+170.9254742E-03
+29.0000E-06,-71.4597839330E+00,+170.8360672E-03
+29.5000E-06,-71.4636432295E+00,+170.7466601E-03
+30.0000E-06,-71.4675025259E+00,+170.6572531E-03
+30.5000E-06,-71.4713618223E+00,+170.5678461E-03
+31.0000E-06,-71.4752211188E+00,+170.4784390E-03
+31.5000E-06,-71.4790804152E+00,+170.3890320E-03
+32.0000E-06,-71.4829397117E+00,+170.2996249E-03
+32.5000E-06,-71.4867990081E+00,+170.2102179E-03
+33.0000E-06,-71.4906583045E+00,+170.1208109E-03
+33.5000E-06,-71.4945176010E+00,+170.0314038E-03
+34.0000E-06,-71.4983768974E+00,+169.9419968E-03
+34.5000E-06,-71.5022361939E+00,+169.8525898E-03
+35.0000E-06,-71.5060954903E+00,+169.7631827E-03
+35.5000E-06,-71.5099547867E+00,+169.6737757E-03
+36.0000E-06,-71.5138140832E+00,+169.5843687E-03
+36.5000E-06,-71.5176733796E+00,+169.4949616E-03
+37.0000E-06,-71.5215326761E+00,+169.4055546E-03
+37.5000E-06,-71.5253919725E+00,+169.3161476E-03
+38.0000E-06,-71.5292512689E+00,+169.2267405E-03
+38.5000E-06,-71.5331105654E+00,+169.1373335E-03
+39.0000E-06,-71.5369698618E+00,+169.0479265E-03
+39.5000E-06,-71.5408291583E+00,+168.9585194E-03
+40.0000E-06,-71.5446884547E+00,+168.8691124E-03
+40.5000E-06,-71.5485477512E+00,+168.7797054E-03
+41.0000E-06,-71.5524070476E+00,+168.6902983E-03
+41.5000E-06,-71.5562663440E+00,+168.6008913E-03
+42.0000E-06,-71.5601256405E+00,+168.5114843E-03
+42.5000E-06,-71.5639849369E+00,+168.4220772E-03
+43.0000E-06,-71.5678442334E+00,+168.3326702E-03
+43.5000E-06,-71.5717035298E+00,+168.2432632E-03
+44.0000E-06,-71.5755628262E+00,+168.1538561E-03
+44.5000E-06,-71.5794221227E+00,+168.0644491E-03
+45.0000E-06,-71.5832814191E+00,+167.9750421E-03
+45.5000E-06,-71.5871407156E+00,+167.8856350E-03
+46.0000E-06,-71.5910000120E+00,+167.7962280E-03
+46.5000E-06,-71.5948593084E+00,+167.7068210E-03
+47.0000E-06,-71.5987186049E+00,+167.6174139E-03
+47.5000E-06,-71.6025779013E+00,+167.5280069E-03
+48.0000E-06,-71.6064371978E+00,+167.4385999E-03
+48.5000E-06,-71.6102964942E+00,+167.3491928E-03
+49.0000E-06,-71.6141557907E+00,+167.2597858E-03
+49.5000E-06,-71.6180150871E+00,+167.1703788E-03
+50.0000E-06,-71.6218743835E+00,+167.0809717E-03
+50.5000E-06,-71.6257336800E+00,+166.9915647E-03
+51.0000E-06,-71.6295929764E+00,+166.9021576E-03
+51.5000E-06,-71.6334522729E+00,+166.8127506E-03
+52.0000E-06,-71.6373115693E+00,+166.7233436E-03
+52.5000E-06,-71.6411708657E+00,+166.6339365E-03
+53.0000E-06,-71.6450301622E+00,+166.5445295E-03
+53.5000E-06,-71.6488894586E+00,+166.4551225E-03
+54.0000E-06,-71.6527487551E+00,+166.3657154E-03
+54.5000E-06,-71.6566080515E+00,+166.2763084E-03
+55.0000E-06,-71.6604673479E+00,+166.1869014E-03
+55.5000E-06,-71.6643266444E+00,+166.0974943E-03
+56.0000E-06,-71.6681859408E+00,+166.0080873E-03
+56.5000E-06,-71.6720452373E+00,+165.9186803E-03
+57.0000E-06,-71.6759045337E+00,+165.8292732E-03
+57.5000E-06,-71.6797638302E+00,+165.7398662E-03
+58.0000E-06,-71.6836231266E+00,+165.6504592E-03
+58.5000E-06,-71.6874824230E+00,+165.5610521E-03
+59.0000E-06,-71.6913417195E+00,+165.4716451E-03
+59.5000E-06,-71.6952010159E+00,+165.3822381E-03
+60.0000E-06,-71.6990603124E+00,+165.2928310E-03
+60.5000E-06,-71.7029196088E+00,+165.2034240E-03
+61.0000E-06,-71.7067789052E+00,+165.1140170E-03
+61.5000E-06,-71.7106382017E+00,+165.0246099E-03
+62.0000E-06,-71.7144974981E+00,+164.9352029E-03
+62.5000E-06,-71.7183567946E+00,+164.8457959E-03
+63.0000E-06,-71.7222160910E+00,+164.7563888E-03
+63.5000E-06,-71.7260753874E+00,+164.6669818E-03
+64.0000E-06,-71.7299346839E+00,+164.5775748E-03
+64.5000E-06,-71.7337939803E+00,+164.4881677E-03
+65.0000E-06,-71.7376532768E+00,+164.3987607E-03
+65.5000E-06,-71.7415125732E+00,+164.3093537E-03
+66.0000E-06,-71.7453718696E+00,+164.2199466E-03
+66.5000E-06,-71.7492311661E+00,+164.1305396E-03
+67.0000E-06,-71.7530904625E+00,+164.0411326E-03
+67.5000E-06,-71.7569497590E+00,+163.9517255E-03
+68.0000E-06,-71.7608090554E+00,+163.8623185E-03
+68.5000E-06,-71.7646683519E+00,+163.7729115E-03
+69.0000E-06,-71.7685276483E+00,+163.6835044E-03
+69.5000E-06,-71.7723869447E+00,+163.5940974E-03
+70.0000E-06,-71.7762462412E+00,+163.5046903E-03
+70.5000E-06,-71.7801055376E+00,+163.4152833E-03
+71.0000E-06,-71.7839648341E+00,+163.3258763E-03
+71.5000E-06,-71.7878241305E+00,+163.2364692E-03
+72.0000E-06,-71.7916834269E+00,+163.1470622E-03
+72.5000E-06,-71.7955427234E+00,+163.0576552E-03
+73.0000E-06,-71.7994020198E+00,+162.9682481E-03
+73.5000E-06,-71.8032613163E+00,+162.8788411E-03
+74.0000E-06,-71.8071206127E+00,+162.7894341E-03
+74.5000E-06,-71.8109799091E+00,+162.7000270E-03
+75.0000E-06,-71.8148392056E+00,+162.6106200E-03
+75.5000E-06,-71.8186985020E+00,+162.5212130E-03
+76.0000E-06,-71.8225577985E+00,+162.4318059E-03
+76.5000E-06,-71.8264170949E+00,+162.3423989E-03
+77.0000E-06,-71.8302763914E+00,+162.2529919E-03
+77.5000E-06,-71.8341356878E+00,+162.1635848E-03
+78.0000E-06,-71.8379949842E+00,+162.0741778E-03
+78.5000E-06,-71.8417385018E+00,+161.9840471E-03
+79.0000E-06,-71.8454434264E+00,+161.8936753E-03
+79.5000E-06,-71.8491483509E+00,+161.8033034E-03
+80.0000E-06,-71.8528532755E+00,+161.7129316E-03
+80.5000E-06,-71.8565582001E+00,+161.6225597E-03
+81.0000E-06,-71.8602631247E+00,+161.5321879E-03
+81.5000E-06,-71.8639680493E+00,+161.4418160E-03
+82.0000E-06,-71.8676729739E+00,+161.3514441E-03
+82.5000E-06,-71.8713778985E+00,+161.2610723E-03
+83.0000E-06,-71.8750828230E+00,+161.1707004E-03
+83.5000E-06,-71.8787877476E+00,+161.0803286E-03
+84.0000E-06,-71.8824926722E+00,+160.9899567E-03
+84.5000E-06,-71.8861975968E+00,+160.8995848E-03
+85.0000E-06,-71.8899025214E+00,+160.8092130E-03
+85.5000E-06,-71.8936074460E+00,+160.7188411E-03
+86.0000E-06,-71.8973123705E+00,+160.6284693E-03
+86.5000E-06,-71.9010172951E+00,+160.5380974E-03
+87.0000E-06,-71.9047222197E+00,+160.4477256E-03
+87.5000E-06,-71.9084271443E+00,+160.3573537E-03
+88.0000E-06,-71.9121320689E+00,+160.2669818E-03
+88.5000E-06,-71.9158369935E+00,+160.1766100E-03
+89.0000E-06,-71.9195419180E+00,+160.0862381E-03
+89.5000E-06,-71.9232468426E+00,+159.9958663E-03
+90.0000E-06,-71.9269517672E+00,+159.9054944E-03
+90.5000E-06,-71.9306566918E+00,+159.8151225E-03
+91.0000E-06,-71.9343616164E+00,+159.7247507E-03
+91.5000E-06,-71.9380665410E+00,+159.6343788E-03
+92.0000E-06,-71.9417714655E+00,+159.5440070E-03
+92.5000E-06,-71.9454763901E+00,+159.4536351E-03
+93.0000E-06,-71.9491813147E+00,+159.3632633E-03
+93.5000E-06,-71.9528862393E+00,+159.2728914E-03
+94.0000E-06,-71.9565911639E+00,+159.1825195E-03
+94.5000E-06,-71.9602960885E+00,+159.0921477E-03
+95.0000E-06,-71.9640010130E+00,+159.0017758E-03
+95.5000E-06,-71.9677059376E+00,+158.9114040E-03
+96.0000E-06,-71.9714108622E+00,+158.8210321E-03
+96.5000E-06,-71.9751157868E+00,+158.7306602E-03
+97.0000E-06,-71.9788207114E+00,+158.6402884E-03
+97.5000E-06,-71.9825256360E+00,+158.5499165E-03
+98.0000E-06,-71.9862305605E+00,+158.4595447E-03
+98.5000E-06,-71.9899354851E+00,+158.3691728E-03
+99.0000E-06,-71.9936404097E+00,+158.2788010E-03
+99.5000E-06,-71.9973453343E+00,+158.1884291E-03
+100.0000E-06,-72.0010502589E+00,+158.0980572E-03
+100.5000E-06,-72.0047551835E+00,+158.0076854E-03
+101.0000E-06,-72.0084601080E+00,+157.9173135E-03
+101.5000E-06,-72.0121650326E+00,+157.8269417E-03
+102.0000E-06,-72.0158699572E+00,+157.7365698E-03
+102.5000E-06,-72.0195748818E+00,+157.6461979E-03
+103.0000E-06,-72.0232798064E+00,+157.5558261E-03
+103.5000E-06,-72.0269847310E+00,+157.4654542E-03
+104.0000E-06,-72.0306896555E+00,+157.3750824E-03
+104.5000E-06,-72.0343945801E+00,+157.2847105E-03
+105.0000E-06,-72.0380995047E+00,+157.1943387E-03
+105.5000E-06,-72.0418044293E+00,+157.1039668E-03
+106.0000E-06,-72.0455093539E+00,+157.0135949E-03
+106.5000E-06,-72.0492142785E+00,+156.9232231E-03
+107.0000E-06,-72.0529192030E+00,+156.8328512E-03
+107.5000E-06,-72.0566241276E+00,+156.7424794E-03
+108.0000E-06,-72.0603290522E+00,+156.6521075E-03
+108.5000E-06,-72.0640339768E+00,+156.5617356E-03
+109.0000E-06,-72.0677389014E+00,+156.4713638E-03
+109.5000E-06,-72.0714438260E+00,+156.3809919E-03
+110.0000E-06,-72.0751487505E+00,+156.2906201E-03
+110.5000E-06,-72.0788536751E+00,+156.2002482E-03
+111.0000E-06,-72.0825585997E+00,+156.1098764E-03
+111.5000E-06,-72.0862635243E+00,+156.0195045E-03
+112.0000E-06,-72.0899684489E+00,+155.9291326E-03
+112.5000E-06,-72.0936733735E+00,+155.8387608E-03
+113.0000E-06,-72.0973782980E+00,+155.7483889E-03
+113.5000E-06,-72.1010832226E+00,+155.6580171E-03
+114.0000E-06,-72.1047881472E+00,+155.5676452E-03
+114.5000E-06,-72.1084930718E+00,+155.4772733E-03
+115.0000E-06,-72.1121979964E+00,+155.3869015E-03
+115.5000E-06,-72.1159029210E+00,+155.2965296E-03
+116.0000E-06,-72.1196078455E+00,+155.2061578E-03
+116.5000E-06,-72.1233127701E+00,+155.1157859E-03
+117.0000E-06,-72.1270176947E+00,+155.0254141E-03
+117.5000E-06,-72.1307226193E+00,+154.9350422E-03
+118.0000E-06,-72.1344275439E+00,+154.8446703E-03
+118.5000E-06,-72.1381324685E+00,+154.7542985E-03
+119.0000E-06,-72.1418373930E+00,+154.6639266E-03
+119.5000E-06,-72.1455423176E+00,+154.5735548E-03
+120.0000E-06,-72.1492472422E+00,+154.4831829E-03
+120.5000E-06,-72.1529521668E+00,+154.3928110E-03
+121.0000E-06,-72.1566570914E+00,+154.3024392E-03
+121.5000E-06,-72.1603620160E+00,+154.2120673E-03
+122.0000E-06,-72.1640669405E+00,+154.1216955E-03
+122.5000E-06,-72.1677718651E+00,+154.0313236E-03
+123.0000E-06,-72.1714767897E+00,+153.9409518E-03
+123.5000E-06,-72.1751817143E+00,+153.8505799E-03
+124.0000E-06,-72.1788866389E+00,+153.7602080E-03
+124.5000E-06,-72.1825915635E+00,+153.6698362E-03
+125.0000E-06,-72.1862964880E+00,+153.5794643E-03
+125.5000E-06,-72.1900014126E+00,+153.4890925E-03
+126.0000E-06,-72.1937063372E+00,+153.3987206E-03
+126.5000E-06,-72.1974112618E+00,+153.3083487E-03
+127.0000E-06,-72.2011161864E+00,+153.2179769E-03
+127.5000E-06,-72.2048211110E+00,+153.1276050E-03
+128.0000E-06,-72.2085260355E+00,+153.0372332E-03
+128.5000E-06,-72.2122309601E+00,+152.9468613E-03
+129.0000E-06,-72.2159358847E+00,+152.8564895E-03
+129.5000E-06,-72.2196408093E+00,+152.7661176E-03
+130.0000E-06,-72.2233457339E+00,+152.6757457E-03
+130.5000E-06,-72.2270506585E+00,+152.5853739E-03
+131.0000E-06,-72.2307555830E+00,+152.4950020E-03
+131.5000E-06,-72.2344605076E+00,+152.4046302E-03
+132.0000E-06,-72.2381654322E+00,+152.3142583E-03
+132.5000E-06,-72.2418703568E+00,+152.2238864E-03
+133.0000E-06,-72.2455752814E+00,+152.1335146E-03
+133.5000E-06,-72.2492802060E+00,+152.0431427E-03
+134.0000E-06,-72.2529851305E+00,+151.9527709E-03
+134.5000E-06,-72.2566900551E+00,+151.8623990E-03
+135.0000E-06,-72.2603949797E+00,+151.7720272E-03
+135.5000E-06,-72.2640999043E+00,+151.6816553E-03
+136.0000E-06,-72.2678048289E+00,+151.5912834E-03
+136.5000E-06,-72.2715097535E+00,+151.5009116E-03
+137.0000E-06,-72.2752146780E+00,+151.4105397E-03
+137.5000E-06,-72.2789196026E+00,+151.3201679E-03
+138.0000E-06,-72.2826245272E+00,+151.2297960E-03
+138.5000E-06,-72.2863294518E+00,+151.1394241E-03
+139.0000E-06,-72.2900343764E+00,+151.0490523E-03
+139.5000E-06,-72.2937393010E+00,+150.9586804E-03
+140.0000E-06,-72.2974442255E+00,+150.8683086E-03
+140.5000E-06,-72.3011491501E+00,+150.7779367E-03
+141.0000E-06,-72.3048540747E+00,+150.6875649E-03
+141.5000E-06,-72.3085589993E+00,+150.5971930E-03
+142.0000E-06,-72.3122639239E+00,+150.5068211E-03
+142.5000E-06,-72.3159688485E+00,+150.4164493E-03
+143.0000E-06,-72.3196737730E+00,+150.3260774E-03
+143.5000E-06,-72.3233786976E+00,+150.2357056E-03
+144.0000E-06,-72.3270836222E+00,+150.1453337E-03
+144.5000E-06,-72.3307885468E+00,+150.0549618E-03
+145.0000E-06,-72.3344934714E+00,+149.9645900E-03
+145.5000E-06,-72.3381983960E+00,+149.8742181E-03
+146.0000E-06,-72.3419033205E+00,+149.7838463E-03
+146.5000E-06,-72.3456082451E+00,+149.6934744E-03
+147.0000E-06,-72.3493131697E+00,+149.6031026E-03
+147.5000E-06,-72.3530180943E+00,+149.5127307E-03
+148.0000E-06,-72.3567230189E+00,+149.4223588E-03
+148.5000E-06,-72.3604279435E+00,+149.3319870E-03
+149.0000E-06,-72.3641328680E+00,+149.2416151E-03
+149.5000E-06,-72.3678377926E+00,+149.1512433E-03
+150.0000E-06,-72.3715427172E+00,+149.0608714E-03
+150.5000E-06,-72.3752476418E+00,+148.9704995E-03
+151.0000E-06,-72.3789525664E+00,+148.8801277E-03
+151.5000E-06,-72.3826574910E+00,+148.7897558E-03
+152.0000E-06,-72.3863624155E+00,+148.6993840E-03
+152.5000E-06,-72.3900673401E+00,+148.6090121E-03
+153.0000E-06,-72.3937722647E+00,+148.5186403E-03
+153.5000E-06,-72.3974771893E+00,+148.4282684E-03
+154.0000E-06,-72.4011821139E+00,+148.3378965E-03
+154.5000E-06,-72.4048870385E+00,+148.2475247E-03
+155.0000E-06,-72.4085919630E+00,+148.1571528E-03
+155.5000E-06,-72.4122968876E+00,+148.0667810E-03
+156.0000E-06,-72.4160018122E+00,+147.9764091E-03
+156.5000E-06,-72.4197839227E+00,+147.8881277E-03
+157.0000E-06,-72.4236432192E+00,+147.8019367E-03
+157.5000E-06,-72.4275025156E+00,+147.7157458E-03
+158.0000E-06,-72.4313618121E+00,+147.6295548E-03
+158.5000E-06,-72.4352211085E+00,+147.5433639E-03
+159.0000E-06,-72.4390804049E+00,+147.4571729E-03
+159.5000E-06,-72.4429397014E+00,+147.3709820E-03
+160.0000E-06,-72.4467989978E+00,+147.2847910E-03
+160.5000E-06,-72.4506582943E+00,+147.1986001E-03
+161.0000E-06,-72.4545175907E+00,+147.1124091E-03
+161.5000E-06,-72.4583768871E+00,+147.0262182E-03
+162.0000E-06,-72.4622361836E+00,+146.9400272E-03
+162.5000E-06,-72.4660954800E+00,+146.8538363E-03
+163.0000E-06,-72.4699547765E+00,+146.7676453E-03
+163.5000E-06,-72.4738140729E+00,+146.6814543E-03
+164.0000E-06,-72.4776733693E+00,+146.5952634E-03
+164.5000E-06,-72.4815326658E+00,+146.5090724E-03
+165.0000E-06,-72.4853919622E+00,+146.4228815E-03
+165.5000E-06,-72.4892512587E+00,+146.3366905E-03
+166.0000E-06,-72.4931105551E+00,+146.2504996E-03
+166.5000E-06,-72.4969698515E+00,+146.1643086E-03
+167.0000E-06,-72.5008291480E+00,+146.0781177E-03
+167.5000E-06,-72.5046884444E+00,+145.9919267E-03
+168.0000E-06,-72.5085477409E+00,+145.9057358E-03
+168.5000E-06,-72.5124070373E+00,+145.8195448E-03
+169.0000E-06,-72.5162663338E+00,+145.7333539E-03
+169.5000E-06,-72.5201256302E+00,+145.6471629E-03
+170.0000E-06,-72.5239849266E+00,+145.5609719E-03
+170.5000E-06,-72.5278442231E+00,+145.4747810E-03
+171.0000E-06,-72.5317035195E+00,+145.3885900E-03
+171.5000E-06,-72.5355628160E+00,+145.3023991E-03
+172.0000E-06,-72.5394221124E+00,+145.2162081E-03
+172.5000E-06,-72.5432814088E+00,+145.1300172E-03
+173.0000E-06,-72.5471407053E+00,+145.0438262E-03
+173.5000E-06,-72.5510000017E+00,+144.9576353E-03
+174.0000E-06,-72.5548592982E+00,+144.8714443E-03
+174.5000E-06,-72.5587185946E+00,+144.7852534E-03
+175.0000E-06,-72.5625778910E+00,+144.6990624E-03
+175.5000E-06,-72.5664371875E+00,+144.6128715E-03
+176.0000E-06,-72.5702964839E+00,+144.5266805E-03
+176.5000E-06,-72.5741557804E+00,+144.4404895E-03
+177.0000E-06,-72.5780150768E+00,+144.3542986E-03
+177.5000E-06,-72.5818743733E+00,+144.2681076E-03
+178.0000E-06,-72.5857336697E+00,+144.1819167E-03
+178.5000E-06,-72.5895929661E+00,+144.0957257E-03
+179.0000E-06,-72.5934522626E+00,+144.0095348E-03
+179.5000E-06,-72.5973115590E+00,+143.9233438E-03
+180.0000E-06,-72.6011708555E+00,+143.8371529E-03
+180.5000E-06,-72.6050301519E+00,+143.7509619E-03
+181.0000E-06,-72.6088894483E+00,+143.6647710E-03
+181.5000E-06,-72.6127487448E+00,+143.5785800E-03
+182.0000E-06,-72.6166080412E+00,+143.4923891E-03
+182.5000E-06,-72.6204673377E+00,+143.4061981E-03
+183.0000E-06,-72.6243266341E+00,+143.3200071E-03
+183.5000E-06,-72.6281859305E+00,+143.2338162E-03
+184.0000E-06,-72.6320452270E+00,+143.1476252E-03
+184.5000E-06,-72.6359045234E+00,+143.0614343E-03
+185.0000E-06,-72.6397638199E+00,+142.9752433E-03
+185.5000E-06,-72.6436231163E+00,+142.8890524E-03
+186.0000E-06,-72.6474824128E+00,+142.8028614E-03
+186.5000E-06,-72.6513417092E+00,+142.7166705E-03
+187.0000E-06,-72.6552010056E+00,+142.6304795E-03
+187.5000E-06,-72.6590603021E+00,+142.5442886E-03
+188.0000E-06,-72.6629195985E+00,+142.4580976E-03
+188.5000E-06,-72.6667788950E+00,+142.3719067E-03
+189.0000E-06,-72.6706381914E+00,+142.2857157E-03
+189.5000E-06,-72.6744974878E+00,+142.1995247E-03
+190.0000E-06,-72.6783567843E+00,+142.1133338E-03
+190.5000E-06,-72.6822160807E+00,+142.0271428E-03
+191.0000E-06,-72.6860753772E+00,+141.9409519E-03
+191.5000E-06,-72.6899346736E+00,+141.8547609E-03
+192.0000E-06,-72.6937939700E+00,+141.7685700E-03
+192.5000E-06,-72.6976532665E+00,+141.6823790E-03
+193.0000E-06,-72.7015125629E+00,+141.5961881E-03
+193.5000E-06,-72.7053718594E+00,+141.5099971E-03
+194.0000E-06,-72.7092311558E+00,+141.4238062E-03
+194.5000E-06,-72.7130904522E+00,+141.3376152E-03
+195.0000E-06,-72.7169497487E+00,+141.2514243E-03
+195.5000E-06,-72.7208090451E+00,+141.1652333E-03
+196.0000E-06,-72.7246683416E+00,+141.0790423E-03
+196.5000E-06,-72.7285276380E+00,+140.9928514E-03
+197.0000E-06,-72.7323869345E+00,+140.9066604E-03
+197.5000E-06,-72.7362462309E+00,+140.8204695E-03
+198.0000E-06,-72.7401055273E+00,+140.7342785E-03
+198.5000E-06,-72.7439648238E+00,+140.6480876E-03
+199.0000E-06,-72.7478241202E+00,+140.5618966E-03
+199.5000E-06,-72.7516834167E+00,+140.4757057E-03
+200.0000E-06,-72.7555427131E+00,+140.3895147E-03
+200.5000E-06,-72.7594020095E+00,+140.3033238E-03
+201.0000E-06,-72.7632613060E+00,+140.2171328E-03
+201.5000E-06,-72.7671206024E+00,+140.1309419E-03
+202.0000E-06,-72.7709798989E+00,+140.0447509E-03
+202.5000E-06,-72.7748391953E+00,+139.9585599E-03
+203.0000E-06,-72.7786984917E+00,+139.8723690E-03
+203.5000E-06,-72.7825577882E+00,+139.7861780E-03
+204.0000E-06,-72.7864170846E+00,+139.6999871E-03
+204.5000E-06,-72.7902763811E+00,+139.6137961E-03
+205.0000E-06,-72.7941356775E+00,+139.5276052E-03
+205.5000E-06,-72.7979949740E+00,+139.4414142E-03
+206.0000E-06,-72.8018542704E+00,+139.3552233E-03
+206.5000E-06,-72.8057135668E+00,+139.2690323E-03
+207.0000E-06,-72.8095728633E+00,+139.1828414E-03
+207.5000E-06,-72.8134321597E+00,+139.0966504E-03
+208.0000E-06,-72.8172914562E+00,+139.0104595E-03
+208.5000E-06,-72.8211507526E+00,+138.9242685E-03
+209.0000E-06,-72.8250100490E+00,+138.8380775E-03
+209.5000E-06,-72.8288693455E+00,+138.7518866E-03
+210.0000E-06,-72.8327286419E+00,+138.6656956E-03
+210.5000E-06,-72.8365879384E+00,+138.5795047E-03
+211.0000E-06,-72.8404472348E+00,+138.4933137E-03
+211.5000E-06,-72.8443065312E+00,+138.4071228E-03
+212.0000E-06,-72.8481658277E+00,+138.3209318E-03
+212.5000E-06,-72.8520251241E+00,+138.2347409E-03
+213.0000E-06,-72.8558844206E+00,+138.1485499E-03
+213.5000E-06,-72.8597437170E+00,+138.0623590E-03
+214.0000E-06,-72.8636030135E+00,+137.9761680E-03
+214.5000E-06,-72.8674623099E+00,+137.8899771E-03
+215.0000E-06,-72.8713216063E+00,+137.8037861E-03
+215.5000E-06,-72.8751809028E+00,+137.7175951E-03
+216.0000E-06,-72.8790401992E+00,+137.6314042E-03
+216.5000E-06,-72.8828994957E+00,+137.5452132E-03
+217.0000E-06,-72.8867587921E+00,+137.4590223E-03
+217.5000E-06,-72.8906180885E+00,+137.3728313E-03
+218.0000E-06,-72.8944773850E+00,+137.2866404E-03
+218.5000E-06,-72.8983366814E+00,+137.2004494E-03
+219.0000E-06,-72.9021959779E+00,+137.1142585E-03
+219.5000E-06,-72.9060552743E+00,+137.0280675E-03
+220.0000E-06,-72.9099145707E+00,+136.9418766E-03
+220.5000E-06,-72.9137738672E+00,+136.8556856E-03
+221.0000E-06,-72.9176331636E+00,+136.7694947E-03
+221.5000E-06,-72.9214924601E+00,+136.6833037E-03
+222.0000E-06,-72.9253517565E+00,+136.5971127E-03
+222.5000E-06,-72.9292110529E+00,+136.5109218E-03
+223.0000E-06,-72.9330703494E+00,+136.4247308E-03
+223.5000E-06,-72.9369296458E+00,+136.3385399E-03
+224.0000E-06,-72.9407889423E+00,+136.2523489E-03
+224.5000E-06,-72.9446482387E+00,+136.1661580E-03
+225.0000E-06,-72.9485075352E+00,+136.0799670E-03
+225.5000E-06,-72.9523668316E+00,+135.9937761E-03
+226.0000E-06,-72.9562261280E+00,+135.9075851E-03
+226.5000E-06,-72.9600854245E+00,+135.8213942E-03
+227.0000E-06,-72.9639447209E+00,+135.7352032E-03
+227.5000E-06,-72.9678040174E+00,+135.6490123E-03
+228.0000E-06,-72.9716633138E+00,+135.5628213E-03
+228.5000E-06,-72.9755226102E+00,+135.4766303E-03
+229.0000E-06,-72.9793819067E+00,+135.3904394E-03
+229.5000E-06,-72.9832412031E+00,+135.3042484E-03
+230.0000E-06,-72.9871004996E+00,+135.2180575E-03
+230.5000E-06,-72.9909597960E+00,+135.1318665E-03
+231.0000E-06,-72.9948190924E+00,+135.0456756E-03
+231.5000E-06,-72.9986783889E+00,+134.9594846E-03
+232.0000E-06,-73.0025376853E+00,+134.8732937E-03
+232.5000E-06,-73.0063969818E+00,+134.7871027E-03
+233.0000E-06,-73.0102562782E+00,+134.7009118E-03
+233.5000E-06,-73.0141155747E+00,+134.6147208E-03
+234.0000E-06,-73.0179748711E+00,+134.5285299E-03
+234.5000E-06,-73.0215640168E+00,+134.4436253E-03
+235.0000E-06,-73.0243427102E+00,+134.3625801E-03
+235.5000E-06,-73.0271214037E+00,+134.2815349E-03
+236.0000E-06,-73.0299000971E+00,+134.2004897E-03
+236.5000E-06,-73.0326787905E+00,+134.1194444E-03
+237.0000E-06,-73.0354574840E+00,+134.0383992E-03
+237.5000E-06,-73.0382361774E+00,+133.9573540E-03
+238.0000E-06,-73.0410148708E+00,+133.8763088E-03
+238.5000E-06,-73.0437935643E+00,+133.7952635E-03
+239.0000E-06,-73.0465722577E+00,+133.7142183E-03
+239.5000E-06,-73.0493509512E+00,+133.6331731E-03
+240.0000E-06,-73.0521296446E+00,+133.5521279E-03
+240.5000E-06,-73.0549083380E+00,+133.4710826E-03
+241.0000E-06,-73.0576870315E+00,+133.3900374E-03
+241.5000E-06,-73.0604657249E+00,+133.3089922E-03
+242.0000E-06,-73.0632444183E+00,+133.2279470E-03
+242.5000E-06,-73.0660231118E+00,+133.1469017E-03
+243.0000E-06,-73.0688018052E+00,+133.0658565E-03
+243.5000E-06,-73.0715804987E+00,+132.9848113E-03
+244.0000E-06,-73.0743591921E+00,+132.9037661E-03
+244.5000E-06,-73.0771378855E+00,+132.8227208E-03
+245.0000E-06,-73.0799165790E+00,+132.7416756E-03
+245.5000E-06,-73.0826952724E+00,+132.6606304E-03
+246.0000E-06,-73.0854739658E+00,+132.5795852E-03
+246.5000E-06,-73.0882526593E+00,+132.4985399E-03
+247.0000E-06,-73.0910313527E+00,+132.4174947E-03
+247.5000E-06,-73.0938100462E+00,+132.3364495E-03
+248.0000E-06,-73.0965887396E+00,+132.2554043E-03
+248.5000E-06,-73.0993674330E+00,+132.1743590E-03
+249.0000E-06,-73.1021461265E+00,+132.0933138E-03
+249.5000E-06,-73.1049248199E+00,+132.0122686E-03
+250.0000E-06,-73.1077035133E+00,+131.9312233E-03
+250.5000E-06,-73.1104822068E+00,+131.8501781E-03
+251.0000E-06,-73.1132609002E+00,+131.7691329E-03
+251.5000E-06,-73.1160395937E+00,+131.6880877E-03
+252.0000E-06,-73.1188182871E+00,+131.6070424E-03
+252.5000E-06,-73.1215969805E+00,+131.5259972E-03
+253.0000E-06,-73.1243756740E+00,+131.4449520E-03
+253.5000E-06,-73.1271543674E+00,+131.3639068E-03
+254.0000E-06,-73.1299330609E+00,+131.2828615E-03
+254.5000E-06,-73.1327117543E+00,+131.2018163E-03
+255.0000E-06,-73.1354904477E+00,+131.1207711E-03
+255.5000E-06,-73.1382691412E+00,+131.0397259E-03
+256.0000E-06,-73.1410478346E+00,+130.9586806E-03
+256.5000E-06,-73.1438265280E+00,+130.8776354E-03
+257.0000E-06,-73.1466052215E+00,+130.7965902E-03
+257.5000E-06,-73.1493839149E+00,+130.7155450E-03
+258.0000E-06,-73.1521626084E+00,+130.6344997E-03
+258.5000E-06,-73.1549413018E+00,+130.5534545E-03
+259.0000E-06,-73.1577199952E+00,+130.4724093E-03
+259.5000E-06,-73.1604986887E+00,+130.3913641E-03
+260.0000E-06,-73.1632773821E+00,+130.3103188E-03
+260.5000E-06,-73.1660560755E+00,+130.2292736E-03
+261.0000E-06,-73.1688347690E+00,+130.1482284E-03
+261.5000E-06,-73.1716134624E+00,+130.0671832E-03
+262.0000E-06,-73.1743921559E+00,+129.9861379E-03
+262.5000E-06,-73.1771708493E+00,+129.9050927E-03
+263.0000E-06,-73.1799495427E+00,+129.8240475E-03
+263.5000E-06,-73.1827282362E+00,+129.7430023E-03
+264.0000E-06,-73.1855069296E+00,+129.6619570E-03
+264.5000E-06,-73.1882856230E+00,+129.5809118E-03
+265.0000E-06,-73.1910643165E+00,+129.4998666E-03
+265.5000E-06,-73.1938430099E+00,+129.4188214E-03
+266.0000E-06,-73.1966217034E+00,+129.3377761E-03
+266.5000E-06,-73.1994003968E+00,+129.2567309E-03
+267.0000E-06,-73.2021790902E+00,+129.1756857E-03
+267.5000E-06,-73.2049577837E+00,+129.0946405E-03
+268.0000E-06,-73.2077364771E+00,+129.0135952E-03
+268.5000E-06,-73.2105151705E+00,+128.9325500E-03
+269.0000E-06,-73.2132938640E+00,+128.8515048E-03
+269.5000E-06,-73.2160725574E+00,+128.7704596E-03
+270.0000E-06,-73.2188512509E+00,+128.6894143E-03
+270.5000E-06,-73.2216299443E+00,+128.6083691E-03
+271.0000E-06,-73.2244086377E+00,+128.5273239E-03
+271.5000E-06,-73.2271873312E+00,+128.4462787E-03
+272.0000E-06,-73.2299660246E+00,+128.3652334E-03
+272.5000E-06,-73.2327447180E+00,+128.2841882E-03
+273.0000E-06,-73.2355234115E+00,+128.2031430E-03
+273.5000E-06,-73.2383021049E+00,+128.1220978E-03
+274.0000E-06,-73.2410807984E+00,+128.0410525E-03
+274.5000E-06,-73.2438594918E+00,+127.9600073E-03
+275.0000E-06,-73.2466381852E+00,+127.8789621E-03
+275.5000E-06,-73.2494168787E+00,+127.7979169E-03
+276.0000E-06,-73.2521955721E+00,+127.7168716E-03
+276.5000E-06,-73.2549742655E+00,+127.6358264E-03
+277.0000E-06,-73.2577529590E+00,+127.5547812E-03
+277.5000E-06,-73.2605316524E+00,+127.4737360E-03
+278.0000E-06,-73.2633103459E+00,+127.3926907E-03
+278.5000E-06,-73.2660890393E+00,+127.3116455E-03
+279.0000E-06,-73.2688677327E+00,+127.2306003E-03
+279.5000E-06,-73.2716464262E+00,+127.1495551E-03
+280.0000E-06,-73.2744251196E+00,+127.0685098E-03
+280.5000E-06,-73.2772038130E+00,+126.9874646E-03
+281.0000E-06,-73.2799825065E+00,+126.9064194E-03
+281.5000E-06,-73.2827611999E+00,+126.8253742E-03
+282.0000E-06,-73.2855398934E+00,+126.7443289E-03
+282.5000E-06,-73.2883185868E+00,+126.6632837E-03
+283.0000E-06,-73.2910972802E+00,+126.5822385E-03
+283.5000E-06,-73.2938759737E+00,+126.5011933E-03
+284.0000E-06,-73.2966546671E+00,+126.4201480E-03
+284.5000E-06,-73.2994333605E+00,+126.3391028E-03
+285.0000E-06,-73.3022120540E+00,+126.2580576E-03
+285.5000E-06,-73.3049907474E+00,+126.1770124E-03
+286.0000E-06,-73.3077694409E+00,+126.0959671E-03
+286.5000E-06,-73.3105481343E+00,+126.0149219E-03
+287.0000E-06,-73.3133268277E+00,+125.9338767E-03
+287.5000E-06,-73.3161055212E+00,+125.8528315E-03
+288.0000E-06,-73.3188842146E+00,+125.7717862E-03
+288.5000E-06,-73.3216629080E+00,+125.6907410E-03
+289.0000E-06,-73.3244416015E+00,+125.6096958E-03
+289.5000E-06,-73.3272202949E+00,+125.5286506E-03
+290.0000E-06,-73.3299989884E+00,+125.4476053E-03
+290.5000E-06,-73.3327776818E+00,+125.3665601E-03
+291.0000E-06,-73.3355563752E+00,+125.2855149E-03
+291.5000E-06,-73.3383350687E+00,+125.2044697E-03
+292.0000E-06,-73.3411137621E+00,+125.1234244E-03
+292.5000E-06,-73.3438924555E+00,+125.0423792E-03
+293.0000E-06,-73.3466711490E+00,+124.9613340E-03
+293.5000E-06,-73.3494498424E+00,+124.8802888E-03
+294.0000E-06,-73.3522285359E+00,+124.7992435E-03
+294.5000E-06,-73.3550072293E+00,+124.7181983E-03
+295.0000E-06,-73.3577859227E+00,+124.6371531E-03
+295.5000E-06,-73.3605646162E+00,+124.5561079E-03
+296.0000E-06,-73.3633433096E+00,+124.4750626E-03
+296.5000E-06,-73.3661220030E+00,+124.3940174E-03
+297.0000E-06,-73.3689006965E+00,+124.3129722E-03
+297.5000E-06,-73.3716793899E+00,+124.2319270E-03
+298.0000E-06,-73.3744580834E+00,+124.1508817E-03
+298.5000E-06,-73.3772367768E+00,+124.0698365E-03
+299.0000E-06,-73.3800154702E+00,+123.9887913E-03
+299.5000E-06,-73.3827941637E+00,+123.9077460E-03
+300.0000E-06,-73.3855728571E+00,+123.8267008E-03
+300.5000E-06,-73.3883515505E+00,+123.7456556E-03
+301.0000E-06,-73.3911302440E+00,+123.6646104E-03
+301.5000E-06,-73.3939089374E+00,+123.5835651E-03
+302.0000E-06,-73.3966876309E+00,+123.5025199E-03
+302.5000E-06,-73.3994663243E+00,+123.4214747E-03
+303.0000E-06,-73.4022450177E+00,+123.3404295E-03
+303.5000E-06,-73.4050237112E+00,+123.2593842E-03
+304.0000E-06,-73.4078024046E+00,+123.1783390E-03
+304.5000E-06,-73.4105810980E+00,+123.0972938E-03
+305.0000E-06,-73.4133597915E+00,+123.0162486E-03
+305.5000E-06,-73.4161384849E+00,+122.9352033E-03
+306.0000E-06,-73.4189171784E+00,+122.8541581E-03
+306.5000E-06,-73.4216958718E+00,+122.7731129E-03
+307.0000E-06,-73.4244745652E+00,+122.6920677E-03
+307.5000E-06,-73.4272532587E+00,+122.6110224E-03
+308.0000E-06,-73.4300319521E+00,+122.5299772E-03
+308.5000E-06,-73.4328106455E+00,+122.4489320E-03
+309.0000E-06,-73.4355893390E+00,+122.3678868E-03
+309.5000E-06,-73.4383680324E+00,+122.2868415E-03
+310.0000E-06,-73.4411467259E+00,+122.2057963E-03
+310.5000E-06,-73.4439254193E+00,+122.1247511E-03
+311.0000E-06,-73.4467041127E+00,+122.0437059E-03
+311.5000E-06,-73.4494828062E+00,+121.9626606E-03
+312.0000E-06,-73.4522614996E+00,+121.8816154E-03
+312.5000E-06,-73.4550401930E+00,+121.8005702E-03
+313.0000E-06,-73.4555033086E+00,+121.7381782E-03
+313.5000E-06,-73.4559664242E+00,+121.6757863E-03
+314.0000E-06,-73.4564295398E+00,+121.6133943E-03
+314.5000E-06,-73.4568926553E+00,+121.5510024E-03
+315.0000E-06,-73.4573557709E+00,+121.4886104E-03
+315.5000E-06,-73.4578188865E+00,+121.4262184E-03
+316.0000E-06,-73.4582820021E+00,+121.3638265E-03
+316.5000E-06,-73.4587451176E+00,+121.3014345E-03
+317.0000E-06,-73.4592082332E+00,+121.2390426E-03
+317.5000E-06,-73.4596713488E+00,+121.1766506E-03
+318.0000E-06,-73.4601344643E+00,+121.1142586E-03
+318.5000E-06,-73.4605975799E+00,+121.0518667E-03
+319.0000E-06,-73.4610606955E+00,+120.9894747E-03
+319.5000E-06,-73.4615238111E+00,+120.9270828E-03
+320.0000E-06,-73.4619869266E+00,+120.8646908E-03
+320.5000E-06,-73.4624500422E+00,+120.8022988E-03
+321.0000E-06,-73.4629131578E+00,+120.7399069E-03
+321.5000E-06,-73.4633762734E+00,+120.6775149E-03
+322.0000E-06,-73.4638393889E+00,+120.6151230E-03
+322.5000E-06,-73.4643025045E+00,+120.5527310E-03
+323.0000E-06,-73.4647656201E+00,+120.4903391E-03
+323.5000E-06,-73.4652287357E+00,+120.4279471E-03
+324.0000E-06,-73.4656918512E+00,+120.3655551E-03
+324.5000E-06,-73.4661549668E+00,+120.3031632E-03
+325.0000E-06,-73.4666180824E+00,+120.2407712E-03
+325.5000E-06,-73.4670811979E+00,+120.1783793E-03
+326.0000E-06,-73.4675443135E+00,+120.1159873E-03
+326.5000E-06,-73.4680074291E+00,+120.0535953E-03
+327.0000E-06,-73.4684705447E+00,+119.9912034E-03
+327.5000E-06,-73.4689336602E+00,+119.9288114E-03
+328.0000E-06,-73.4693967758E+00,+119.8664195E-03
+328.5000E-06,-73.4698598914E+00,+119.8040275E-03
+329.0000E-06,-73.4703230070E+00,+119.7416355E-03
+329.5000E-06,-73.4707861225E+00,+119.6792436E-03
+330.0000E-06,-73.4712492381E+00,+119.6168516E-03
+330.5000E-06,-73.4717123537E+00,+119.5544597E-03
+331.0000E-06,-73.4721754692E+00,+119.4920677E-03
+331.5000E-06,-73.4726385848E+00,+119.4296757E-03
+332.0000E-06,-73.4731017004E+00,+119.3672838E-03
+332.5000E-06,-73.4735648160E+00,+119.3048918E-03
+333.0000E-06,-73.4740279315E+00,+119.2424999E-03
+333.5000E-06,-73.4744910471E+00,+119.1801079E-03
+334.0000E-06,-73.4749541627E+00,+119.1177159E-03
+334.5000E-06,-73.4754172783E+00,+119.0553240E-03
+335.0000E-06,-73.4758803938E+00,+118.9929320E-03
+335.5000E-06,-73.4763435094E+00,+118.9305401E-03
+336.0000E-06,-73.4768066250E+00,+118.8681481E-03
+336.5000E-06,-73.4772697405E+00,+118.8057562E-03
+337.0000E-06,-73.4777328561E+00,+118.7433642E-03
+337.5000E-06,-73.4781959717E+00,+118.6809722E-03
+338.0000E-06,-73.4786590873E+00,+118.6185803E-03
+338.5000E-06,-73.4791222028E+00,+118.5561883E-03
+339.0000E-06,-73.4795853184E+00,+118.4937964E-03
+339.5000E-06,-73.4800484340E+00,+118.4314044E-03
+340.0000E-06,-73.4805115496E+00,+118.3690124E-03
+340.5000E-06,-73.4809746651E+00,+118.3066205E-03
+341.0000E-06,-73.4814377807E+00,+118.2442285E-03
+341.5000E-06,-73.4819008963E+00,+118.1818366E-03
+342.0000E-06,-73.4823640118E+00,+118.1194446E-03
+342.5000E-06,-73.4828271274E+00,+118.0570526E-03
+343.0000E-06,-73.4832902430E+00,+117.9946607E-03
+343.5000E-06,-73.4837533586E+00,+117.9322687E-03
+344.0000E-06,-73.4842164741E+00,+117.8698768E-03
+344.5000E-06,-73.4846795897E+00,+117.8074848E-03
+345.0000E-06,-73.4851427053E+00,+117.7450928E-03
+345.5000E-06,-73.4856058209E+00,+117.6827009E-03
+346.0000E-06,-73.4860689364E+00,+117.6203089E-03
+346.5000E-06,-73.4865320520E+00,+117.5579170E-03
+347.0000E-06,-73.4869951676E+00,+117.4955250E-03
+347.5000E-06,-73.4874582832E+00,+117.4331331E-03
+348.0000E-06,-73.4879213987E+00,+117.3707411E-03
+348.5000E-06,-73.4883845143E+00,+117.3083491E-03
+349.0000E-06,-73.4888476299E+00,+117.2459572E-03
+349.5000E-06,-73.4893107454E+00,+117.1835652E-03
+350.0000E-06,-73.4897738610E+00,+117.1211733E-03
+350.5000E-06,-73.4902369766E+00,+117.0587813E-03
+351.0000E-06,-73.4907000922E+00,+116.9963893E-03
+351.5000E-06,-73.4911632077E+00,+116.9339974E-03
+352.0000E-06,-73.4916263233E+00,+116.8716054E-03
+352.5000E-06,-73.4920894389E+00,+116.8092135E-03
+353.0000E-06,-73.4925525545E+00,+116.7468215E-03
+353.5000E-06,-73.4930156700E+00,+116.6844295E-03
+354.0000E-06,-73.4934787856E+00,+116.6220376E-03
+354.5000E-06,-73.4939419012E+00,+116.5596456E-03
+355.0000E-06,-73.4944050167E+00,+116.4972537E-03
+355.5000E-06,-73.4948681323E+00,+116.4348617E-03
+356.0000E-06,-73.4953312479E+00,+116.3724697E-03
+356.5000E-06,-73.4957943635E+00,+116.3100778E-03
+357.0000E-06,-73.4962574790E+00,+116.2476858E-03
+357.5000E-06,-73.4967205946E+00,+116.1852939E-03
+358.0000E-06,-73.4971837102E+00,+116.1229019E-03
+358.5000E-06,-73.4976468258E+00,+116.0605100E-03
+359.0000E-06,-73.4981099413E+00,+115.9981180E-03
+359.5000E-06,-73.4985730569E+00,+115.9357260E-03
+360.0000E-06,-73.4990361725E+00,+115.8733341E-03
+360.5000E-06,-73.4994992880E+00,+115.8109421E-03
+361.0000E-06,-73.4999624036E+00,+115.7485502E-03
+361.5000E-06,-73.5004255192E+00,+115.6861582E-03
+362.0000E-06,-73.5008886348E+00,+115.6237662E-03
+362.5000E-06,-73.5013517503E+00,+115.5613743E-03
+363.0000E-06,-73.5018148659E+00,+115.4989823E-03
+363.5000E-06,-73.5022779815E+00,+115.4365904E-03
+364.0000E-06,-73.5027410971E+00,+115.3741984E-03
+364.5000E-06,-73.5032042126E+00,+115.3118064E-03
+365.0000E-06,-73.5036673282E+00,+115.2494145E-03
+365.5000E-06,-73.5041304438E+00,+115.1870225E-03
+366.0000E-06,-73.5045935593E+00,+115.1246306E-03
+366.5000E-06,-73.5050566749E+00,+115.0622386E-03
+367.0000E-06,-73.5055197905E+00,+114.9998466E-03
+367.5000E-06,-73.5059829061E+00,+114.9374547E-03
+368.0000E-06,-73.5064460216E+00,+114.8750627E-03
+368.5000E-06,-73.5069091372E+00,+114.8126708E-03
+369.0000E-06,-73.5073722528E+00,+114.7502788E-03
+369.5000E-06,-73.5078353684E+00,+114.6878869E-03
+370.0000E-06,-73.5082984839E+00,+114.6254949E-03
+370.5000E-06,-73.5087615995E+00,+114.5631029E-03
+371.0000E-06,-73.5092247151E+00,+114.5007110E-03
+371.5000E-06,-73.5096878307E+00,+114.4383190E-03
+372.0000E-06,-73.5101509462E+00,+114.3759271E-03
+372.5000E-06,-73.5106140618E+00,+114.3135351E-03
+373.0000E-06,-73.5110771774E+00,+114.2511431E-03
+373.5000E-06,-73.5115402929E+00,+114.1887512E-03
+374.0000E-06,-73.5120034085E+00,+114.1263592E-03
+374.5000E-06,-73.5124665241E+00,+114.0639673E-03
+375.0000E-06,-73.5129296397E+00,+114.0015753E-03
+375.5000E-06,-73.5133927552E+00,+113.9391833E-03
+376.0000E-06,-73.5138558708E+00,+113.8767914E-03
+376.5000E-06,-73.5143189864E+00,+113.8143994E-03
+377.0000E-06,-73.5147821020E+00,+113.7520075E-03
+377.5000E-06,-73.5152452175E+00,+113.6896155E-03
+378.0000E-06,-73.5157083331E+00,+113.6272235E-03
+378.5000E-06,-73.5161714487E+00,+113.5648316E-03
+379.0000E-06,-73.5166345642E+00,+113.5024396E-03
+379.5000E-06,-73.5170976798E+00,+113.4400477E-03
+380.0000E-06,-73.5175607954E+00,+113.3776557E-03
+380.5000E-06,-73.5180239110E+00,+113.3152638E-03
+381.0000E-06,-73.5184870265E+00,+113.2528718E-03
+381.5000E-06,-73.5189501421E+00,+113.1904798E-03
+382.0000E-06,-73.5194132577E+00,+113.1280879E-03
+382.5000E-06,-73.5198763733E+00,+113.0656959E-03
+383.0000E-06,-73.5203394888E+00,+113.0033040E-03
+383.5000E-06,-73.5208026044E+00,+112.9409120E-03
+384.0000E-06,-73.5212657200E+00,+112.8785200E-03
+384.5000E-06,-73.5217288355E+00,+112.8161281E-03
+385.0000E-06,-73.5221919511E+00,+112.7537361E-03
+385.5000E-06,-73.5226550667E+00,+112.6913442E-03
+386.0000E-06,-73.5231181823E+00,+112.6289522E-03
+386.5000E-06,-73.5235812978E+00,+112.5665602E-03
+387.0000E-06,-73.5240444134E+00,+112.5041683E-03
+387.5000E-06,-73.5245075290E+00,+112.4417763E-03
+388.0000E-06,-73.5249706446E+00,+112.3793844E-03
+388.5000E-06,-73.5254337601E+00,+112.3169924E-03
+389.0000E-06,-73.5258968757E+00,+112.2546004E-03
+389.5000E-06,-73.5263599913E+00,+112.1922085E-03
+390.0000E-06,-73.5268231069E+00,+112.1298165E-03
+390.5000E-06,-73.5272862224E+00,+112.0674246E-03
+391.0000E-06,-73.5274020013E+00,+112.0262587E-03
+391.5000E-06,-73.5274020013E+00,+111.9921683E-03
+392.0000E-06,-73.5274020013E+00,+111.9580778E-03
+392.5000E-06,-73.5274020013E+00,+111.9239874E-03
+393.0000E-06,-73.5274020013E+00,+111.8898969E-03
+393.5000E-06,-73.5274020013E+00,+111.8558065E-03
+394.0000E-06,-73.5274020013E+00,+111.8217160E-03
+394.5000E-06,-73.5274020013E+00,+111.7876256E-03
+395.0000E-06,-73.5274020013E+00,+111.7535351E-03
+395.5000E-06,-73.5274020013E+00,+111.7194447E-03
+396.0000E-06,-73.5274020013E+00,+111.6853542E-03
+396.5000E-06,-73.5274020013E+00,+111.6512638E-03
+397.0000E-06,-73.5274020013E+00,+111.6171733E-03
+397.5000E-06,-73.5274020013E+00,+111.5830829E-03
+398.0000E-06,-73.5274020013E+00,+111.5489924E-03
+398.5000E-06,-73.5274020013E+00,+111.5149020E-03
+399.0000E-06,-73.5274020013E+00,+111.4808115E-03
+399.5000E-06,-73.5274020013E+00,+111.4467211E-03
+400.0000E-06,-73.5274020013E+00,+111.4126306E-03
+400.5000E-06,-73.5274020013E+00,+111.3785402E-03
+401.0000E-06,-73.5274020013E+00,+111.3444497E-03
+401.5000E-06,-73.5274020013E+00,+111.3103592E-03
+402.0000E-06,-73.5274020013E+00,+111.2762688E-03
+402.5000E-06,-73.5274020013E+00,+111.2421783E-03
+403.0000E-06,-73.5274020013E+00,+111.2080879E-03
+403.5000E-06,-73.5274020013E+00,+111.1739974E-03
+404.0000E-06,-73.5274020013E+00,+111.1399070E-03
+404.5000E-06,-73.5274020013E+00,+111.1058165E-03
+405.0000E-06,-73.5274020013E+00,+111.0717261E-03
+405.5000E-06,-73.5274020013E+00,+111.0376356E-03
+406.0000E-06,-73.5274020013E+00,+111.0035452E-03
+406.5000E-06,-73.5274020013E+00,+110.9694547E-03
+407.0000E-06,-73.5274020013E+00,+110.9353643E-03
+407.5000E-06,-73.5274020013E+00,+110.9012738E-03
+408.0000E-06,-73.5274020013E+00,+110.8671834E-03
+408.5000E-06,-73.5274020013E+00,+110.8330929E-03
+409.0000E-06,-73.5274020013E+00,+110.7990025E-03
+409.5000E-06,-73.5274020013E+00,+110.7649120E-03
+410.0000E-06,-73.5274020013E+00,+110.7308216E-03
+410.5000E-06,-73.5274020013E+00,+110.6967311E-03
+411.0000E-06,-73.5274020013E+00,+110.6626407E-03
+411.5000E-06,-73.5274020013E+00,+110.6285502E-03
+412.0000E-06,-73.5274020013E+00,+110.5944598E-03
+412.5000E-06,-73.5274020013E+00,+110.5603693E-03
+413.0000E-06,-73.5274020013E+00,+110.5262789E-03
+413.5000E-06,-73.5274020013E+00,+110.4921884E-03
+414.0000E-06,-73.5274020013E+00,+110.4580980E-03
+414.5000E-06,-73.5274020013E+00,+110.4240075E-03
+415.0000E-06,-73.5274020013E+00,+110.3899170E-03
+415.5000E-06,-73.5274020013E+00,+110.3558266E-03
+416.0000E-06,-73.5274020013E+00,+110.3217361E-03
+416.5000E-06,-73.5274020013E+00,+110.2876457E-03
+417.0000E-06,-73.5274020013E+00,+110.2535552E-03
+417.5000E-06,-73.5274020013E+00,+110.2194648E-03
+418.0000E-06,-73.5274020013E+00,+110.1853743E-03
+418.5000E-06,-73.5274020013E+00,+110.1512839E-03
+419.0000E-06,-73.5274020013E+00,+110.1171934E-03
+419.5000E-06,-73.5274020013E+00,+110.0831030E-03
+420.0000E-06,-73.5274020013E+00,+110.0490125E-03
+420.5000E-06,-73.5274020013E+00,+110.0149221E-03
+421.0000E-06,-73.5274020013E+00,+109.9808316E-03
+421.5000E-06,-73.5274020013E+00,+109.9467412E-03
+422.0000E-06,-73.5274020013E+00,+109.9126507E-03
+422.5000E-06,-73.5274020013E+00,+109.8785603E-03
+423.0000E-06,-73.5274020013E+00,+109.8444698E-03
+423.5000E-06,-73.5274020013E+00,+109.8103794E-03
+424.0000E-06,-73.5274020013E+00,+109.7762889E-03
+424.5000E-06,-73.5274020013E+00,+109.7421985E-03
+425.0000E-06,-73.5274020013E+00,+109.7081080E-03
+425.5000E-06,-73.5274020013E+00,+109.6740176E-03
+426.0000E-06,-73.5274020013E+00,+109.6399271E-03
+426.5000E-06,-73.5274020013E+00,+109.6058367E-03
+427.0000E-06,-73.5274020013E+00,+109.5717462E-03
+427.5000E-06,-73.5274020013E+00,+109.5376558E-03
+428.0000E-06,-73.5274020013E+00,+109.5035653E-03
+428.5000E-06,-73.5274020013E+00,+109.4694748E-03
+429.0000E-06,-73.5274020013E+00,+109.4353844E-03
+429.5000E-06,-73.5274020013E+00,+109.4012939E-03
+430.0000E-06,-73.5274020013E+00,+109.3672035E-03
+430.5000E-06,-73.5274020013E+00,+109.3331130E-03
+431.0000E-06,-73.5274020013E+00,+109.2990226E-03
+431.5000E-06,-73.5274020013E+00,+109.2649321E-03
+432.0000E-06,-73.5274020013E+00,+109.2308417E-03
+432.5000E-06,-73.5274020013E+00,+109.1967512E-03
+433.0000E-06,-73.5274020013E+00,+109.1626608E-03
+433.5000E-06,-73.5274020013E+00,+109.1285703E-03
+434.0000E-06,-73.5274020013E+00,+109.0944799E-03
+434.5000E-06,-73.5274020013E+00,+109.0603894E-03
+435.0000E-06,-73.5274020013E+00,+109.0262990E-03
+435.5000E-06,-73.5274020013E+00,+108.9922085E-03
+436.0000E-06,-73.5274020013E+00,+108.9581181E-03
+436.5000E-06,-73.5274020013E+00,+108.9240276E-03
+437.0000E-06,-73.5274020013E+00,+108.8899372E-03
+437.5000E-06,-73.5274020013E+00,+108.8558467E-03
+438.0000E-06,-73.5274020013E+00,+108.8217563E-03
+438.5000E-06,-73.5274020013E+00,+108.7876658E-03
+439.0000E-06,-73.5274020013E+00,+108.7535754E-03
+439.5000E-06,-73.5274020013E+00,+108.7194849E-03
+440.0000E-06,-73.5274020013E+00,+108.6853945E-03
+440.5000E-06,-73.5274020013E+00,+108.6513040E-03
+441.0000E-06,-73.5274020013E+00,+108.6172135E-03
+441.5000E-06,-73.5274020013E+00,+108.5831231E-03
+442.0000E-06,-73.5274020013E+00,+108.5490326E-03
+442.5000E-06,-73.5274020013E+00,+108.5149422E-03
+443.0000E-06,-73.5274020013E+00,+108.4808517E-03
+443.5000E-06,-73.5274020013E+00,+108.4467613E-03
+444.0000E-06,-73.5274020013E+00,+108.4126708E-03
+444.5000E-06,-73.5274020013E+00,+108.3785804E-03
+445.0000E-06,-73.5274020013E+00,+108.3444899E-03
+445.5000E-06,-73.5274020013E+00,+108.3103995E-03
+446.0000E-06,-73.5274020013E+00,+108.2763090E-03
+446.5000E-06,-73.5274020013E+00,+108.2422186E-03
+447.0000E-06,-73.5274020013E+00,+108.2081281E-03
+447.5000E-06,-73.5274020013E+00,+108.1740377E-03
+448.0000E-06,-73.5274020013E+00,+108.1399472E-03
+448.5000E-06,-73.5274020013E+00,+108.1058568E-03
+449.0000E-06,-73.5274020013E+00,+108.0717663E-03
+449.5000E-06,-73.5274020013E+00,+108.0376759E-03
+450.0000E-06,-73.5274020013E+00,+108.0035854E-03
+450.5000E-06,-73.5274020013E+00,+107.9694950E-03
+451.0000E-06,-73.5274020013E+00,+107.9354045E-03
+451.5000E-06,-73.5274020013E+00,+107.9013141E-03
+452.0000E-06,-73.5274020013E+00,+107.8672236E-03
+452.5000E-06,-73.5274020013E+00,+107.8331332E-03
+453.0000E-06,-73.5274020013E+00,+107.7990427E-03
+453.5000E-06,-73.5274020013E+00,+107.7649523E-03
+454.0000E-06,-73.5274020013E+00,+107.7308618E-03
+454.5000E-06,-73.5274020013E+00,+107.6967713E-03
+455.0000E-06,-73.5274020013E+00,+107.6626809E-03
+455.5000E-06,-73.5274020013E+00,+107.6285904E-03
+456.0000E-06,-73.5274020013E+00,+107.5945000E-03
+456.5000E-06,-73.5274020013E+00,+107.5604095E-03
+457.0000E-06,-73.5274020013E+00,+107.5263191E-03
+457.5000E-06,-73.5274020013E+00,+107.4922286E-03
+458.0000E-06,-73.5274020013E+00,+107.4581382E-03
+458.5000E-06,-73.5274020013E+00,+107.4240477E-03
+459.0000E-06,-73.5274020013E+00,+107.3899573E-03
+459.5000E-06,-73.5274020013E+00,+107.3558668E-03
+460.0000E-06,-73.5274020013E+00,+107.3217764E-03
+460.5000E-06,-73.5274020013E+00,+107.2876859E-03
+461.0000E-06,-73.5274020013E+00,+107.2535955E-03
+461.5000E-06,-73.5274020013E+00,+107.2195050E-03
+462.0000E-06,-73.5274020013E+00,+107.1854146E-03
+462.5000E-06,-73.5274020013E+00,+107.1513241E-03
+463.0000E-06,-73.5274020013E+00,+107.1172337E-03
+463.5000E-06,-73.5274020013E+00,+107.0831432E-03
+464.0000E-06,-73.5274020013E+00,+107.0490528E-03
+464.5000E-06,-73.5274020013E+00,+107.0149623E-03
+465.0000E-06,-73.5274020013E+00,+106.9808719E-03
+465.5000E-06,-73.5274020013E+00,+106.9467814E-03
+466.0000E-06,-73.5274020013E+00,+106.9126910E-03
+466.5000E-06,-73.5274020013E+00,+106.8786005E-03
+467.0000E-06,-73.5274020013E+00,+106.8445101E-03
+467.5000E-06,-73.5274020013E+00,+106.8104196E-03
+468.0000E-06,-73.5274020013E+00,+106.7763291E-03
+468.5000E-06,-73.5274020013E+00,+106.7422387E-03
+469.0000E-06,-73.5274020013E+00,+106.7157060E-03
+469.5000E-06,-73.5274020013E+00,+106.6967312E-03
+470.0000E-06,-73.5274020013E+00,+106.6777563E-03
+470.5000E-06,-73.5274020013E+00,+106.6587814E-03
+471.0000E-06,-73.5274020013E+00,+106.6398065E-03
+471.5000E-06,-73.5274020013E+00,+106.6208317E-03
+472.0000E-06,-73.5274020013E+00,+106.6018568E-03
+472.5000E-06,-73.5274020013E+00,+106.5828819E-03
+473.0000E-06,-73.5274020013E+00,+106.5639070E-03
+473.5000E-06,-73.5274020013E+00,+106.5449322E-03
+474.0000E-06,-73.5274020013E+00,+106.5259573E-03
+474.5000E-06,-73.5274020013E+00,+106.5069824E-03
+475.0000E-06,-73.5274020013E+00,+106.4880075E-03
+475.5000E-06,-73.5274020013E+00,+106.4690327E-03
+476.0000E-06,-73.5274020013E+00,+106.4500578E-03
+476.5000E-06,-73.5274020013E+00,+106.4310829E-03
+477.0000E-06,-73.5274020013E+00,+106.4121080E-03
+477.5000E-06,-73.5274020013E+00,+106.3931332E-03
+478.0000E-06,-73.5274020013E+00,+106.3741583E-03
+478.5000E-06,-73.5274020013E+00,+106.3551834E-03
+479.0000E-06,-73.5274020013E+00,+106.3362085E-03
+479.5000E-06,-73.5274020013E+00,+106.3172337E-03
+480.0000E-06,-73.5274020013E+00,+106.2982588E-03
+480.5000E-06,-73.5274020013E+00,+106.2792839E-03
+481.0000E-06,-73.5274020013E+00,+106.2603091E-03
+481.5000E-06,-73.5274020013E+00,+106.2413342E-03
+482.0000E-06,-73.5274020013E+00,+106.2223593E-03
+482.5000E-06,-73.5274020013E+00,+106.2033844E-03
+483.0000E-06,-73.5274020013E+00,+106.1844096E-03
+483.5000E-06,-73.5274020013E+00,+106.1654347E-03
+484.0000E-06,-73.5274020013E+00,+106.1464598E-03
+484.5000E-06,-73.5274020013E+00,+106.1274849E-03
+485.0000E-06,-73.5274020013E+00,+106.1085101E-03
+485.5000E-06,-73.5274020013E+00,+106.0895352E-03
+486.0000E-06,-73.5274020013E+00,+106.0705603E-03
+486.5000E-06,-73.5274020013E+00,+106.0515854E-03
+487.0000E-06,-73.5274020013E+00,+106.0326106E-03
+487.5000E-06,-73.5274020013E+00,+106.0136357E-03
+488.0000E-06,-73.5274020013E+00,+105.9946608E-03
+488.5000E-06,-73.5274020013E+00,+105.9756859E-03
+489.0000E-06,-73.5274020013E+00,+105.9567111E-03
+489.5000E-06,-73.5274020013E+00,+105.9377362E-03
+490.0000E-06,-73.5274020013E+00,+105.9187613E-03
+490.5000E-06,-73.5274020013E+00,+105.8997864E-03
+491.0000E-06,-73.5274020013E+00,+105.8808116E-03
+491.5000E-06,-73.5274020013E+00,+105.8618367E-03
+492.0000E-06,-73.5274020013E+00,+105.8428618E-03
+492.5000E-06,-73.5274020013E+00,+105.8238869E-03
+493.0000E-06,-73.5274020013E+00,+105.8049121E-03
+493.5000E-06,-73.5274020013E+00,+105.7859372E-03
+494.0000E-06,-73.5274020013E+00,+105.7669623E-03
+494.5000E-06,-73.5274020013E+00,+105.7479874E-03
+495.0000E-06,-73.5274020013E+00,+105.7290126E-03
+495.5000E-06,-73.5274020013E+00,+105.7100377E-03
+496.0000E-06,-73.5274020013E+00,+105.6910628E-03
+496.5000E-06,-73.5274020013E+00,+105.6720880E-03
+497.0000E-06,-73.5274020013E+00,+105.6531131E-03
+497.5000E-06,-73.5274020013E+00,+105.6341382E-03
+498.0000E-06,-73.5274020013E+00,+105.6151633E-03
+498.5000E-06,-73.5274020013E+00,+105.5961885E-03
+499.0000E-06,-73.5274020013E+00,+105.5772136E-03
+499.5000E-06,-73.5274020013E+00,+105.5582387E-03
+500.0000E-06,-73.5274020013E+00,+105.5392638E-03
+500.5000E-06,-73.5274020013E+00,+105.5202890E-03
+501.0000E-06,-73.5274020013E+00,+105.5013141E-03
+501.5000E-06,-73.5274020013E+00,+105.4823392E-03
+502.0000E-06,-73.5274020013E+00,+105.4633643E-03
+502.5000E-06,-73.5274020013E+00,+105.4443895E-03
+503.0000E-06,-73.5274020013E+00,+105.4254146E-03
+503.5000E-06,-73.5274020013E+00,+105.4064397E-03
+504.0000E-06,-73.5274020013E+00,+105.3874648E-03
+504.5000E-06,-73.5274020013E+00,+105.3684900E-03
+505.0000E-06,-73.5274020013E+00,+105.3495151E-03
+505.5000E-06,-73.5274020013E+00,+105.3305402E-03
+506.0000E-06,-73.5274020013E+00,+105.3115653E-03
+506.5000E-06,-73.5274020013E+00,+105.2925905E-03
+507.0000E-06,-73.5274020013E+00,+105.2736156E-03
+507.5000E-06,-73.5274020013E+00,+105.2546407E-03
+508.0000E-06,-73.5274020013E+00,+105.2356658E-03
+508.5000E-06,-73.5274020013E+00,+105.2166910E-03
+509.0000E-06,-73.5274020013E+00,+105.1977161E-03
+509.5000E-06,-73.5274020013E+00,+105.1787412E-03
+510.0000E-06,-73.5274020013E+00,+105.1597664E-03
+510.5000E-06,-73.5274020013E+00,+105.1407915E-03
+511.0000E-06,-73.5274020013E+00,+105.1218166E-03
+511.5000E-06,-73.5274020013E+00,+105.1028417E-03
+512.0000E-06,-73.5274020013E+00,+105.0838669E-03
+512.5000E-06,-73.5274020013E+00,+105.0648920E-03
+513.0000E-06,-73.5274020013E+00,+105.0459171E-03
+513.5000E-06,-73.5274020013E+00,+105.0269422E-03
+514.0000E-06,-73.5274020013E+00,+105.0079674E-03
+514.5000E-06,-73.5274020013E+00,+104.9889925E-03
+515.0000E-06,-73.5274020013E+00,+104.9700176E-03
+515.5000E-06,-73.5274020013E+00,+104.9510427E-03
+516.0000E-06,-73.5274020013E+00,+104.9320679E-03
+516.5000E-06,-73.5274020013E+00,+104.9130930E-03
+517.0000E-06,-73.5274020013E+00,+104.8941181E-03
+517.5000E-06,-73.5274020013E+00,+104.8751432E-03
+518.0000E-06,-73.5274020013E+00,+104.8561684E-03
+518.5000E-06,-73.5274020013E+00,+104.8371935E-03
+519.0000E-06,-73.5274020013E+00,+104.8182186E-03
+519.5000E-06,-73.5274020013E+00,+104.7992437E-03
+520.0000E-06,-73.5274020013E+00,+104.7802689E-03
+520.5000E-06,-73.5274020013E+00,+104.7612940E-03
+521.0000E-06,-73.5274020013E+00,+104.7423191E-03
+521.5000E-06,-73.5274020013E+00,+104.7233442E-03
+522.0000E-06,-73.5274020013E+00,+104.7043694E-03
+522.5000E-06,-73.5274020013E+00,+104.6853945E-03
+523.0000E-06,-73.5274020013E+00,+104.6664196E-03
+523.5000E-06,-73.5274020013E+00,+104.6474447E-03
+524.0000E-06,-73.5274020013E+00,+104.6284699E-03
+524.5000E-06,-73.5274020013E+00,+104.6094950E-03
+525.0000E-06,-73.5274020013E+00,+104.5905201E-03
+525.5000E-06,-73.5274020013E+00,+104.5715453E-03
+526.0000E-06,-73.5274020013E+00,+104.5525704E-03
+526.5000E-06,-73.5274020013E+00,+104.5335955E-03
+527.0000E-06,-73.5274020013E+00,+104.5146206E-03
+527.5000E-06,-73.5274020013E+00,+104.4956458E-03
+528.0000E-06,-73.5274020013E+00,+104.4766709E-03
+528.5000E-06,-73.5274020013E+00,+104.4576960E-03
+529.0000E-06,-73.5274020013E+00,+104.4387211E-03
+529.5000E-06,-73.5274020013E+00,+104.4197463E-03
+530.0000E-06,-73.5274020013E+00,+104.4007714E-03
+530.5000E-06,-73.5274020013E+00,+104.3817965E-03
+531.0000E-06,-73.5274020013E+00,+104.3628216E-03
+531.5000E-06,-73.5274020013E+00,+104.3438468E-03
+532.0000E-06,-73.5274020013E+00,+104.3248719E-03
+532.5000E-06,-73.5274020013E+00,+104.3058970E-03
+533.0000E-06,-73.5274020013E+00,+104.2869221E-03
+533.5000E-06,-73.5274020013E+00,+104.2679473E-03
+534.0000E-06,-73.5274020013E+00,+104.2489724E-03
+534.5000E-06,-73.5274020013E+00,+104.2299975E-03
+535.0000E-06,-73.5274020013E+00,+104.2110226E-03
+535.5000E-06,-73.5274020013E+00,+104.1920478E-03
+536.0000E-06,-73.5274020013E+00,+104.1730729E-03
+536.5000E-06,-73.5274020013E+00,+104.1540980E-03
+537.0000E-06,-73.5274020013E+00,+104.1351231E-03
+537.5000E-06,-73.5274020013E+00,+104.1161483E-03
+538.0000E-06,-73.5274020013E+00,+104.0971734E-03
+538.5000E-06,-73.5274020013E+00,+104.0781985E-03
+539.0000E-06,-73.5274020013E+00,+104.0592236E-03
+539.5000E-06,-73.5274020013E+00,+104.0402488E-03
+540.0000E-06,-73.5274020013E+00,+104.0212739E-03
+540.5000E-06,-73.5274020013E+00,+104.0022990E-03
+541.0000E-06,-73.5274020013E+00,+103.9833242E-03
+541.5000E-06,-73.5274020013E+00,+103.9643493E-03
+542.0000E-06,-73.5274020013E+00,+103.9453744E-03
+542.5000E-06,-73.5274020013E+00,+103.9263995E-03
+543.0000E-06,-73.5274020013E+00,+103.9074247E-03
+543.5000E-06,-73.5274020013E+00,+103.8884498E-03
+544.0000E-06,-73.5274020013E+00,+103.8694749E-03
+544.5000E-06,-73.5274020013E+00,+103.8505000E-03
+545.0000E-06,-73.5274020013E+00,+103.8315252E-03
+545.5000E-06,-73.5274020013E+00,+103.8125503E-03
+546.0000E-06,-73.5274020013E+00,+103.7935754E-03
+546.5000E-06,-73.5274020013E+00,+103.7746005E-03
+547.0000E-06,-73.5274020013E+00,+103.7578769E-03
+547.5000E-06,-73.5274020013E+00,+103.7479071E-03
+548.0000E-06,-73.5274020013E+00,+103.7379372E-03
+548.5000E-06,-73.5274020013E+00,+103.7279674E-03
+549.0000E-06,-73.5274020013E+00,+103.7179975E-03
+549.5000E-06,-73.5274020013E+00,+103.7080277E-03
+550.0000E-06,-73.5274020013E+00,+103.6980578E-03
+550.5000E-06,-73.5274020013E+00,+103.6880880E-03
+551.0000E-06,-73.5274020013E+00,+103.6781181E-03
+551.5000E-06,-73.5274020013E+00,+103.6681483E-03
+552.0000E-06,-73.5274020013E+00,+103.6581784E-03
+552.5000E-06,-73.5274020013E+00,+103.6482086E-03
+553.0000E-06,-73.5274020013E+00,+103.6382387E-03
+553.5000E-06,-73.5274020013E+00,+103.6282689E-03
+554.0000E-06,-73.5274020013E+00,+103.6182990E-03
+554.5000E-06,-73.5274020013E+00,+103.6083292E-03
+555.0000E-06,-73.5274020013E+00,+103.5983593E-03
+555.5000E-06,-73.5274020013E+00,+103.5883895E-03
+556.0000E-06,-73.5274020013E+00,+103.5784196E-03
+556.5000E-06,-73.5274020013E+00,+103.5684498E-03
+557.0000E-06,-73.5274020013E+00,+103.5584799E-03
+557.5000E-06,-73.5274020013E+00,+103.5485101E-03
+558.0000E-06,-73.5274020013E+00,+103.5385402E-03
+558.5000E-06,-73.5274020013E+00,+103.5285704E-03
+559.0000E-06,-73.5274020013E+00,+103.5186005E-03
+559.5000E-06,-73.5274020013E+00,+103.5086307E-03
+560.0000E-06,-73.5274020013E+00,+103.4986608E-03
+560.5000E-06,-73.5274020013E+00,+103.4886910E-03
+561.0000E-06,-73.5274020013E+00,+103.4787211E-03
+561.5000E-06,-73.5274020013E+00,+103.4687513E-03
+562.0000E-06,-73.5274020013E+00,+103.4587814E-03
+562.5000E-06,-73.5274020013E+00,+103.4488116E-03
+563.0000E-06,-73.5274020013E+00,+103.4388417E-03
+563.5000E-06,-73.5274020013E+00,+103.4288719E-03
+564.0000E-06,-73.5274020013E+00,+103.4189020E-03
+564.5000E-06,-73.5274020013E+00,+103.4089322E-03
+565.0000E-06,-73.5274020013E+00,+103.3989623E-03
+565.5000E-06,-73.5274020013E+00,+103.3889925E-03
+566.0000E-06,-73.5274020013E+00,+103.3790227E-03
+566.5000E-06,-73.5274020013E+00,+103.3690528E-03
+567.0000E-06,-73.5274020013E+00,+103.3590830E-03
+567.5000E-06,-73.5274020013E+00,+103.3491131E-03
+568.0000E-06,-73.5274020013E+00,+103.3391433E-03
+568.5000E-06,-73.5274020013E+00,+103.3291734E-03
+569.0000E-06,-73.5274020013E+00,+103.3192036E-03
+569.5000E-06,-73.5274020013E+00,+103.3092337E-03
+570.0000E-06,-73.5274020013E+00,+103.2992639E-03
+570.5000E-06,-73.5274020013E+00,+103.2892940E-03
+571.0000E-06,-73.5274020013E+00,+103.2793242E-03
+571.5000E-06,-73.5274020013E+00,+103.2693543E-03
+572.0000E-06,-73.5274020013E+00,+103.2593845E-03
+572.5000E-06,-73.5274020013E+00,+103.2494146E-03
+573.0000E-06,-73.5274020013E+00,+103.2394448E-03
+573.5000E-06,-73.5274020013E+00,+103.2294749E-03
+574.0000E-06,-73.5274020013E+00,+103.2195051E-03
+574.5000E-06,-73.5274020013E+00,+103.2095352E-03
+575.0000E-06,-73.5274020013E+00,+103.1995654E-03
+575.5000E-06,-73.5274020013E+00,+103.1895955E-03
+576.0000E-06,-73.5274020013E+00,+103.1796257E-03
+576.5000E-06,-73.5274020013E+00,+103.1696558E-03
+577.0000E-06,-73.5274020013E+00,+103.1596860E-03
+577.5000E-06,-73.5274020013E+00,+103.1497161E-03
+578.0000E-06,-73.5274020013E+00,+103.1397463E-03
+578.5000E-06,-73.5274020013E+00,+103.1297764E-03
+579.0000E-06,-73.5274020013E+00,+103.1198066E-03
+579.5000E-06,-73.5274020013E+00,+103.1098367E-03
+580.0000E-06,-73.5274020013E+00,+103.0998669E-03
+580.5000E-06,-73.5274020013E+00,+103.0898970E-03
+581.0000E-06,-73.5274020013E+00,+103.0799272E-03
+581.5000E-06,-73.5274020013E+00,+103.0699573E-03
+582.0000E-06,-73.5274020013E+00,+103.0599875E-03
+582.5000E-06,-73.5274020013E+00,+103.0500176E-03
+583.0000E-06,-73.5274020013E+00,+103.0400478E-03
+583.5000E-06,-73.5274020013E+00,+103.0300779E-03
+584.0000E-06,-73.5274020013E+00,+103.0201081E-03
+584.5000E-06,-73.5274020013E+00,+103.0101382E-03
+585.0000E-06,-73.5274020013E+00,+103.0001684E-03
+585.5000E-06,-73.5274020013E+00,+102.9901985E-03
+586.0000E-06,-73.5274020013E+00,+102.9802287E-03
+586.5000E-06,-73.5274020013E+00,+102.9702588E-03
+587.0000E-06,-73.5274020013E+00,+102.9602890E-03
+587.5000E-06,-73.5274020013E+00,+102.9503191E-03
+588.0000E-06,-73.5274020013E+00,+102.9403493E-03
+588.5000E-06,-73.5274020013E+00,+102.9303794E-03
+589.0000E-06,-73.5274020013E+00,+102.9204096E-03
+589.5000E-06,-73.5274020013E+00,+102.9104397E-03
+590.0000E-06,-73.5274020013E+00,+102.9004699E-03
+590.5000E-06,-73.5274020013E+00,+102.8905000E-03
+591.0000E-06,-73.5274020013E+00,+102.8805302E-03
+591.5000E-06,-73.5274020013E+00,+102.8705603E-03
+592.0000E-06,-73.5274020013E+00,+102.8605905E-03
+592.5000E-06,-73.5274020013E+00,+102.8506206E-03
+593.0000E-06,-73.5274020013E+00,+102.8406508E-03
+593.5000E-06,-73.5274020013E+00,+102.8306809E-03
+594.0000E-06,-73.5274020013E+00,+102.8207111E-03
+594.5000E-06,-73.5274020013E+00,+102.8107412E-03
+595.0000E-06,-73.5274020013E+00,+102.8007714E-03
+595.5000E-06,-73.5274020013E+00,+102.7908016E-03
+596.0000E-06,-73.5274020013E+00,+102.7808317E-03
+596.5000E-06,-73.5274020013E+00,+102.7708619E-03
+597.0000E-06,-73.5274020013E+00,+102.7608920E-03
+597.5000E-06,-73.5274020013E+00,+102.7509222E-03
+598.0000E-06,-73.5274020013E+00,+102.7409523E-03
+598.5000E-06,-73.5274020013E+00,+102.7309825E-03
+599.0000E-06,-73.5274020013E+00,+102.7210126E-03
+599.5000E-06,-73.5274020013E+00,+102.7110428E-03
+600.0000E-06,-73.5274020013E+00,+102.7010729E-03
+600.5000E-06,-73.5274020013E+00,+102.6911031E-03
+601.0000E-06,-73.5274020013E+00,+102.6811332E-03
+601.5000E-06,-73.5274020013E+00,+102.6711634E-03
+602.0000E-06,-73.5274020013E+00,+102.6611935E-03
+602.5000E-06,-73.5274020013E+00,+102.6512237E-03
+603.0000E-06,-73.5274020013E+00,+102.6412538E-03
+603.5000E-06,-73.5274020013E+00,+102.6312840E-03
+604.0000E-06,-73.5274020013E+00,+102.6213141E-03
+604.5000E-06,-73.5274020013E+00,+102.6113443E-03
+605.0000E-06,-73.5274020013E+00,+102.6013744E-03
+605.5000E-06,-73.5274020013E+00,+102.5914046E-03
+606.0000E-06,-73.5274020013E+00,+102.5814347E-03
+606.5000E-06,-73.5274020013E+00,+102.5714649E-03
+607.0000E-06,-73.5274020013E+00,+102.5614950E-03
+607.5000E-06,-73.5274020013E+00,+102.5515252E-03
+608.0000E-06,-73.5274020013E+00,+102.5415553E-03
+608.5000E-06,-73.5274020013E+00,+102.5315855E-03
+609.0000E-06,-73.5274020013E+00,+102.5216156E-03
+609.5000E-06,-73.5274020013E+00,+102.5116458E-03
+610.0000E-06,-73.5274020013E+00,+102.5016759E-03
+610.5000E-06,-73.5274020013E+00,+102.4917061E-03
+611.0000E-06,-73.5274020013E+00,+102.4817362E-03
+611.5000E-06,-73.5274020013E+00,+102.4717664E-03
+612.0000E-06,-73.5274020013E+00,+102.4617965E-03
+612.5000E-06,-73.5274020013E+00,+102.4518267E-03
+613.0000E-06,-73.5274020013E+00,+102.4418568E-03
+613.5000E-06,-73.5274020013E+00,+102.4318870E-03
+614.0000E-06,-73.5274020013E+00,+102.4219171E-03
+614.5000E-06,-73.5274020013E+00,+102.4119473E-03
+615.0000E-06,-73.5274020013E+00,+102.4019774E-03
+615.5000E-06,-73.5274020013E+00,+102.3920076E-03
+616.0000E-06,-73.5274020013E+00,+102.3820377E-03
+616.5000E-06,-73.5274020013E+00,+102.3720679E-03
+617.0000E-06,-73.5274020013E+00,+102.3620980E-03
+617.5000E-06,-73.5274020013E+00,+102.3521282E-03
+618.0000E-06,-73.5274020013E+00,+102.3421583E-03
+618.5000E-06,-73.5274020013E+00,+102.3321885E-03
+619.0000E-06,-73.5274020013E+00,+102.3222186E-03
+619.5000E-06,-73.5274020013E+00,+102.3122488E-03
+620.0000E-06,-73.5274020013E+00,+102.3022789E-03
+620.5000E-06,-73.5274020013E+00,+102.2923091E-03
+621.0000E-06,-73.5274020013E+00,+102.2823392E-03
+621.5000E-06,-73.5274020013E+00,+102.2723694E-03
+622.0000E-06,-73.5274020013E+00,+102.2623995E-03
+622.5000E-06,-73.5274020013E+00,+102.2524297E-03
+623.0000E-06,-73.5274020013E+00,+102.2424598E-03
+623.5000E-06,-73.5274020013E+00,+102.2324900E-03
+624.0000E-06,-73.5274020013E+00,+102.2225202E-03
+624.5000E-06,-73.5274020013E+00,+102.2125503E-03
+625.0000E-06,-73.5274020013E+00,+102.2025805E-03
+625.5000E-06,-73.5274020013E+00,+102.2041885E-03
+626.0000E-06,-73.5274020013E+00,+102.2057965E-03
+626.5000E-06,-73.5274020013E+00,+102.2074046E-03
+627.0000E-06,-73.5274020013E+00,+102.2090126E-03
+627.5000E-06,-73.5274020013E+00,+102.2106207E-03
+628.0000E-06,-73.5274020013E+00,+102.2122287E-03
+628.5000E-06,-73.5274020013E+00,+102.2138367E-03
+629.0000E-06,-73.5274020013E+00,+102.2154448E-03
+629.5000E-06,-73.5274020013E+00,+102.2170528E-03
+630.0000E-06,-73.5274020013E+00,+102.2186609E-03
+630.5000E-06,-73.5274020013E+00,+102.2202689E-03
+631.0000E-06,-73.5274020013E+00,+102.2218769E-03
+631.5000E-06,-73.5274020013E+00,+102.2234850E-03
+632.0000E-06,-73.5274020013E+00,+102.2250930E-03
+632.5000E-06,-73.5274020013E+00,+102.2267011E-03
+633.0000E-06,-73.5274020013E+00,+102.2283091E-03
+633.5000E-06,-73.5274020013E+00,+102.2299171E-03
+634.0000E-06,-73.5274020013E+00,+102.2315252E-03
+634.5000E-06,-73.5274020013E+00,+102.2331332E-03
+635.0000E-06,-73.5274020013E+00,+102.2347413E-03
+635.5000E-06,-73.5274020013E+00,+102.2363493E-03
+636.0000E-06,-73.5274020013E+00,+102.2379573E-03
+636.5000E-06,-73.5274020013E+00,+102.2395654E-03
+637.0000E-06,-73.5274020013E+00,+102.2411734E-03
+637.5000E-06,-73.5274020013E+00,+102.2427815E-03
+638.0000E-06,-73.5274020013E+00,+102.2443895E-03
+638.5000E-06,-73.5274020013E+00,+102.2459975E-03
+639.0000E-06,-73.5274020013E+00,+102.2476056E-03
+639.5000E-06,-73.5274020013E+00,+102.2492136E-03
+640.0000E-06,-73.5274020013E+00,+102.2508217E-03
+640.5000E-06,-73.5274020013E+00,+102.2524297E-03
+641.0000E-06,-73.5274020013E+00,+102.2540377E-03
+641.5000E-06,-73.5274020013E+00,+102.2556458E-03
+642.0000E-06,-73.5274020013E+00,+102.2572538E-03
+642.5000E-06,-73.5274020013E+00,+102.2588619E-03
+643.0000E-06,-73.5274020013E+00,+102.2604699E-03
+643.5000E-06,-73.5274020013E+00,+102.2620779E-03
+644.0000E-06,-73.5274020013E+00,+102.2636860E-03
+644.5000E-06,-73.5274020013E+00,+102.2652940E-03
+645.0000E-06,-73.5274020013E+00,+102.2669021E-03
+645.5000E-06,-73.5274020013E+00,+102.2685101E-03
+646.0000E-06,-73.5274020013E+00,+102.2701181E-03
+646.5000E-06,-73.5274020013E+00,+102.2717262E-03
+647.0000E-06,-73.5274020013E+00,+102.2733342E-03
+647.5000E-06,-73.5274020013E+00,+102.2749423E-03
+648.0000E-06,-73.5274020013E+00,+102.2765503E-03
+648.5000E-06,-73.5274020013E+00,+102.2781583E-03
+649.0000E-06,-73.5274020013E+00,+102.2797664E-03
+649.5000E-06,-73.5274020013E+00,+102.2813744E-03
+650.0000E-06,-73.5274020013E+00,+102.2829825E-03
+650.5000E-06,-73.5274020013E+00,+102.2845905E-03
+651.0000E-06,-73.5274020013E+00,+102.2861985E-03
+651.5000E-06,-73.5274020013E+00,+102.2878066E-03
+652.0000E-06,-73.5274020013E+00,+102.2894146E-03
+652.5000E-06,-73.5274020013E+00,+102.2910227E-03
+653.0000E-06,-73.5274020013E+00,+102.2926307E-03
+653.5000E-06,-73.5274020013E+00,+102.2942387E-03
+654.0000E-06,-73.5274020013E+00,+102.2958468E-03
+654.5000E-06,-73.5274020013E+00,+102.2974548E-03
+655.0000E-06,-73.5274020013E+00,+102.2990629E-03
+655.5000E-06,-73.5274020013E+00,+102.3006709E-03
+656.0000E-06,-73.5274020013E+00,+102.3022789E-03
+656.5000E-06,-73.5274020013E+00,+102.3038870E-03
+657.0000E-06,-73.5274020013E+00,+102.3054950E-03
+657.5000E-06,-73.5274020013E+00,+102.3071031E-03
+658.0000E-06,-73.5274020013E+00,+102.3087111E-03
+658.5000E-06,-73.5274020013E+00,+102.3103191E-03
+659.0000E-06,-73.5274020013E+00,+102.3119272E-03
+659.5000E-06,-73.5274020013E+00,+102.3135352E-03
+660.0000E-06,-73.5274020013E+00,+102.3151433E-03
+660.5000E-06,-73.5274020013E+00,+102.3167513E-03
+661.0000E-06,-73.5274020013E+00,+102.3183593E-03
+661.5000E-06,-73.5274020013E+00,+102.3199674E-03
+662.0000E-06,-73.5274020013E+00,+102.3215754E-03
+662.5000E-06,-73.5274020013E+00,+102.3231835E-03
+663.0000E-06,-73.5274020013E+00,+102.3247915E-03
+663.5000E-06,-73.5274020013E+00,+102.3263995E-03
+664.0000E-06,-73.5274020013E+00,+102.3280076E-03
+664.5000E-06,-73.5274020013E+00,+102.3296156E-03
+665.0000E-06,-73.5274020013E+00,+102.3312237E-03
+665.5000E-06,-73.5274020013E+00,+102.3328317E-03
+666.0000E-06,-73.5274020013E+00,+102.3344397E-03
+666.5000E-06,-73.5274020013E+00,+102.3360478E-03
+667.0000E-06,-73.5274020013E+00,+102.3376558E-03
+667.5000E-06,-73.5274020013E+00,+102.3392639E-03
+668.0000E-06,-73.5274020013E+00,+102.3408719E-03
+668.5000E-06,-73.5274020013E+00,+102.3424799E-03
+669.0000E-06,-73.5274020013E+00,+102.3440880E-03
+669.5000E-06,-73.5274020013E+00,+102.3456960E-03
+670.0000E-06,-73.5274020013E+00,+102.3473041E-03
+670.5000E-06,-73.5274020013E+00,+102.3489121E-03
+671.0000E-06,-73.5274020013E+00,+102.3505201E-03
+671.5000E-06,-73.5274020013E+00,+102.3521282E-03
+672.0000E-06,-73.5274020013E+00,+102.3537362E-03
+672.5000E-06,-73.5274020013E+00,+102.3553443E-03
+673.0000E-06,-73.5274020013E+00,+102.3569523E-03
+673.5000E-06,-73.5274020013E+00,+102.3585604E-03
+674.0000E-06,-73.5274020013E+00,+102.3601684E-03
+674.5000E-06,-73.5274020013E+00,+102.3617764E-03
+675.0000E-06,-73.5274020013E+00,+102.3633845E-03
+675.5000E-06,-73.5274020013E+00,+102.3649925E-03
+676.0000E-06,-73.5274020013E+00,+102.3666006E-03
+676.5000E-06,-73.5274020013E+00,+102.3682086E-03
+677.0000E-06,-73.5274020013E+00,+102.3698166E-03
+677.5000E-06,-73.5274020013E+00,+102.3714247E-03
+678.0000E-06,-73.5274020013E+00,+102.3730327E-03
+678.5000E-06,-73.5274020013E+00,+102.3746408E-03
+679.0000E-06,-73.5274020013E+00,+102.3762488E-03
+679.5000E-06,-73.5274020013E+00,+102.3778568E-03
+680.0000E-06,-73.5274020013E+00,+102.3794649E-03
+680.5000E-06,-73.5274020013E+00,+102.3810729E-03
+681.0000E-06,-73.5274020013E+00,+102.3826810E-03
+681.5000E-06,-73.5274020013E+00,+102.3842890E-03
+682.0000E-06,-73.5274020013E+00,+102.3858970E-03
+682.5000E-06,-73.5274020013E+00,+102.3875051E-03
+683.0000E-06,-73.5274020013E+00,+102.3891131E-03
+683.5000E-06,-73.5274020013E+00,+102.3907212E-03
+684.0000E-06,-73.5274020013E+00,+102.3923292E-03
+684.5000E-06,-73.5274020013E+00,+102.3939372E-03
+685.0000E-06,-73.5274020013E+00,+102.3955453E-03
+685.5000E-06,-73.5274020013E+00,+102.3971533E-03
+686.0000E-06,-73.5274020013E+00,+102.3987614E-03
+686.5000E-06,-73.5274020013E+00,+102.4003694E-03
+687.0000E-06,-73.5274020013E+00,+102.4019774E-03
+687.5000E-06,-73.5274020013E+00,+102.4035855E-03
+688.0000E-06,-73.5274020013E+00,+102.4051935E-03
+688.5000E-06,-73.5274020013E+00,+102.4068016E-03
+689.0000E-06,-73.5274020013E+00,+102.4084096E-03
+689.5000E-06,-73.5274020013E+00,+102.4100176E-03
+690.0000E-06,-73.5274020013E+00,+102.4116257E-03
+690.5000E-06,-73.5274020013E+00,+102.4132337E-03
+691.0000E-06,-73.5274020013E+00,+102.4148418E-03
+691.5000E-06,-73.5274020013E+00,+102.4164498E-03
+692.0000E-06,-73.5274020013E+00,+102.4180578E-03
+692.5000E-06,-73.5274020013E+00,+102.4196659E-03
+693.0000E-06,-73.5274020013E+00,+102.4212739E-03
+693.5000E-06,-73.5274020013E+00,+102.4228820E-03
+694.0000E-06,-73.5274020013E+00,+102.4244900E-03
+694.5000E-06,-73.5274020013E+00,+102.4260980E-03
+695.0000E-06,-73.5274020013E+00,+102.4277061E-03
+695.5000E-06,-73.5274020013E+00,+102.4293141E-03
+696.0000E-06,-73.5274020013E+00,+102.4309222E-03
+696.5000E-06,-73.5274020013E+00,+102.4325302E-03
+697.0000E-06,-73.5274020013E+00,+102.4341382E-03
+697.5000E-06,-73.5274020013E+00,+102.4357463E-03
+698.0000E-06,-73.5274020013E+00,+102.4373543E-03
+698.5000E-06,-73.5274020013E+00,+102.4389624E-03
+699.0000E-06,-73.5274020013E+00,+102.4405704E-03
+699.5000E-06,-73.5274020013E+00,+102.4421784E-03
+700.0000E-06,-73.5274020013E+00,+102.4437865E-03
+700.5000E-06,-73.5274020013E+00,+102.4453945E-03
+701.0000E-06,-73.5274020013E+00,+102.4470026E-03
+701.5000E-06,-73.5274020013E+00,+102.4486106E-03
+702.0000E-06,-73.5274020013E+00,+102.4502186E-03
+702.5000E-06,-73.5274020013E+00,+102.4518267E-03
+703.0000E-06,-73.5274020013E+00,+102.4534347E-03
+703.5000E-06,-73.5274020013E+00,+102.4514247E-03
+704.0000E-06,-73.5274020013E+00,+102.4482086E-03
+704.5000E-06,-73.5274020013E+00,+102.4449925E-03
+705.0000E-06,-73.5274020013E+00,+102.4417764E-03
+705.5000E-06,-73.5274020013E+00,+102.4385603E-03
+706.0000E-06,-73.5274020013E+00,+102.4353443E-03
+706.5000E-06,-73.5274020013E+00,+102.4321282E-03
+707.0000E-06,-73.5274020013E+00,+102.4289121E-03
+707.5000E-06,-73.5274020013E+00,+102.4256960E-03
+708.0000E-06,-73.5274020013E+00,+102.4224799E-03
+708.5000E-06,-73.5274020013E+00,+102.4192639E-03
+709.0000E-06,-73.5274020013E+00,+102.4160478E-03
+709.5000E-06,-73.5274020013E+00,+102.4128317E-03
+710.0000E-06,-73.5274020013E+00,+102.4096156E-03
+710.5000E-06,-73.5274020013E+00,+102.4063995E-03
+711.0000E-06,-73.5274020013E+00,+102.4031835E-03
+711.5000E-06,-73.5274020013E+00,+102.3999674E-03
+712.0000E-06,-73.5274020013E+00,+102.3967513E-03
+712.5000E-06,-73.5274020013E+00,+102.3935352E-03
+713.0000E-06,-73.5274020013E+00,+102.3903191E-03
+713.5000E-06,-73.5274020013E+00,+102.3871031E-03
+714.0000E-06,-73.5274020013E+00,+102.3838870E-03
+714.5000E-06,-73.5274020013E+00,+102.3806709E-03
+715.0000E-06,-73.5274020013E+00,+102.3774548E-03
+715.5000E-06,-73.5274020013E+00,+102.3742387E-03
+716.0000E-06,-73.5274020013E+00,+102.3710227E-03
+716.5000E-06,-73.5274020013E+00,+102.3678066E-03
+717.0000E-06,-73.5274020013E+00,+102.3645905E-03
+717.5000E-06,-73.5274020013E+00,+102.3613744E-03
+718.0000E-06,-73.5274020013E+00,+102.3581583E-03
+718.5000E-06,-73.5274020013E+00,+102.3549423E-03
+719.0000E-06,-73.5274020013E+00,+102.3517262E-03
+719.5000E-06,-73.5274020013E+00,+102.3485101E-03
+720.0000E-06,-73.5274020013E+00,+102.3452940E-03
+720.5000E-06,-73.5274020013E+00,+102.3420779E-03
+721.0000E-06,-73.5274020013E+00,+102.3388619E-03
+721.5000E-06,-73.5274020013E+00,+102.3356458E-03
+722.0000E-06,-73.5274020013E+00,+102.3324297E-03
+722.5000E-06,-73.5274020013E+00,+102.3292136E-03
+723.0000E-06,-73.5274020013E+00,+102.3259975E-03
+723.5000E-06,-73.5274020013E+00,+102.3227815E-03
+724.0000E-06,-73.5274020013E+00,+102.3195654E-03
+724.5000E-06,-73.5274020013E+00,+102.3163493E-03
+725.0000E-06,-73.5274020013E+00,+102.3131332E-03
+725.5000E-06,-73.5274020013E+00,+102.3099171E-03
+726.0000E-06,-73.5274020013E+00,+102.3067011E-03
+726.5000E-06,-73.5274020013E+00,+102.3034850E-03
+727.0000E-06,-73.5274020013E+00,+102.3002689E-03
+727.5000E-06,-73.5274020013E+00,+102.2970528E-03
+728.0000E-06,-73.5274020013E+00,+102.2938367E-03
+728.5000E-06,-73.5274020013E+00,+102.2906207E-03
+729.0000E-06,-73.5274020013E+00,+102.2874046E-03
+729.5000E-06,-73.5274020013E+00,+102.2841885E-03
+730.0000E-06,-73.5274020013E+00,+102.2809724E-03
+730.5000E-06,-73.5274020013E+00,+102.2777563E-03
+731.0000E-06,-73.5274020013E+00,+102.2745403E-03
+731.5000E-06,-73.5274020013E+00,+102.2713242E-03
+732.0000E-06,-73.5274020013E+00,+102.2681081E-03
+732.5000E-06,-73.5274020013E+00,+102.2648920E-03
+733.0000E-06,-73.5274020013E+00,+102.2616759E-03
+733.5000E-06,-73.5274020013E+00,+102.2584598E-03
+734.0000E-06,-73.5274020013E+00,+102.2552438E-03
+734.5000E-06,-73.5274020013E+00,+102.2520277E-03
+735.0000E-06,-73.5274020013E+00,+102.2488116E-03
+735.5000E-06,-73.5274020013E+00,+102.2455955E-03
+736.0000E-06,-73.5274020013E+00,+102.2423794E-03
+736.5000E-06,-73.5274020013E+00,+102.2391634E-03
+737.0000E-06,-73.5274020013E+00,+102.2359473E-03
+737.5000E-06,-73.5274020013E+00,+102.2327312E-03
+738.0000E-06,-73.5274020013E+00,+102.2295151E-03
+738.5000E-06,-73.5274020013E+00,+102.2262990E-03
+739.0000E-06,-73.5274020013E+00,+102.2230830E-03
+739.5000E-06,-73.5274020013E+00,+102.2198669E-03
+740.0000E-06,-73.5274020013E+00,+102.2166508E-03
+740.5000E-06,-73.5274020013E+00,+102.2134347E-03
+741.0000E-06,-73.5274020013E+00,+102.2102186E-03
+741.5000E-06,-73.5274020013E+00,+102.2070026E-03
+742.0000E-06,-73.5274020013E+00,+102.2037865E-03
+742.5000E-06,-73.5274020013E+00,+102.2005704E-03
+743.0000E-06,-73.5274020013E+00,+102.1973543E-03
+743.5000E-06,-73.5274020013E+00,+102.1941382E-03
+744.0000E-06,-73.5274020013E+00,+102.1909222E-03
+744.5000E-06,-73.5274020013E+00,+102.1877061E-03
+745.0000E-06,-73.5274020013E+00,+102.1844900E-03
+745.5000E-06,-73.5274020013E+00,+102.1812739E-03
+746.0000E-06,-73.5274020013E+00,+102.1780578E-03
+746.5000E-06,-73.5274020013E+00,+102.1748418E-03
+747.0000E-06,-73.5274020013E+00,+102.1716257E-03
+747.5000E-06,-73.5274020013E+00,+102.1684096E-03
+748.0000E-06,-73.5274020013E+00,+102.1651935E-03
+748.5000E-06,-73.5274020013E+00,+102.1619774E-03
+749.0000E-06,-73.5274020013E+00,+102.1587614E-03
+749.5000E-06,-73.5274020013E+00,+102.1555453E-03
+750.0000E-06,-73.5274020013E+00,+102.1523292E-03
+750.5000E-06,-73.5274020013E+00,+102.1491131E-03
+751.0000E-06,-73.5274020013E+00,+102.1458970E-03
+751.5000E-06,-73.5274020013E+00,+102.1426810E-03
+752.0000E-06,-73.5274020013E+00,+102.1394649E-03
+752.5000E-06,-73.5274020013E+00,+102.1362488E-03
+753.0000E-06,-73.5274020013E+00,+102.1330327E-03
+753.5000E-06,-73.5274020013E+00,+102.1298166E-03
+754.0000E-06,-73.5274020013E+00,+102.1266006E-03
+754.5000E-06,-73.5274020013E+00,+102.1233845E-03
+755.0000E-06,-73.5274020013E+00,+102.1201684E-03
+755.5000E-06,-73.5274020013E+00,+102.1169523E-03
+756.0000E-06,-73.5274020013E+00,+102.1137362E-03
+756.5000E-06,-73.5274020013E+00,+102.1105202E-03
+757.0000E-06,-73.5274020013E+00,+102.1073041E-03
+757.5000E-06,-73.5274020013E+00,+102.1040880E-03
+758.0000E-06,-73.5274020013E+00,+102.1008719E-03
+758.5000E-06,-73.5274020013E+00,+102.0976558E-03
+759.0000E-06,-73.5274020013E+00,+102.0944397E-03
+759.5000E-06,-73.5274020013E+00,+102.0912237E-03
+760.0000E-06,-73.5274020013E+00,+102.0880076E-03
+760.5000E-06,-73.5274020013E+00,+102.0847915E-03
+761.0000E-06,-73.5274020013E+00,+102.0815754E-03
+761.5000E-06,-73.5274020013E+00,+102.0783593E-03
+762.0000E-06,-73.5274020013E+00,+102.0751433E-03
+762.5000E-06,-73.5274020013E+00,+102.0719272E-03
+763.0000E-06,-73.5274020013E+00,+102.0687111E-03
+763.5000E-06,-73.5274020013E+00,+102.0654950E-03
+764.0000E-06,-73.5274020013E+00,+102.0622789E-03
+764.5000E-06,-73.5274020013E+00,+102.0590629E-03
+765.0000E-06,-73.5274020013E+00,+102.0558468E-03
+765.5000E-06,-73.5274020013E+00,+102.0526307E-03
+766.0000E-06,-73.5274020013E+00,+102.0494146E-03
+766.5000E-06,-73.5274020013E+00,+102.0461985E-03
+767.0000E-06,-73.5274020013E+00,+102.0429825E-03
+767.5000E-06,-73.5274020013E+00,+102.0397664E-03
+768.0000E-06,-73.5274020013E+00,+102.0365503E-03
+768.5000E-06,-73.5274020013E+00,+102.0333342E-03
+769.0000E-06,-73.5274020013E+00,+102.0301181E-03
+769.5000E-06,-73.5274020013E+00,+102.0269021E-03
+770.0000E-06,-73.5274020013E+00,+102.0236860E-03
+770.5000E-06,-73.5274020013E+00,+102.0204699E-03
+771.0000E-06,-73.5274020013E+00,+102.0172538E-03
+771.5000E-06,-73.5274020013E+00,+102.0140377E-03
+772.0000E-06,-73.5274020013E+00,+102.0108217E-03
+772.5000E-06,-73.5274020013E+00,+102.0076056E-03
+773.0000E-06,-73.5274020013E+00,+102.0043895E-03
+773.5000E-06,-73.5274020013E+00,+102.0011734E-03
+774.0000E-06,-73.5274020013E+00,+101.9979573E-03
+774.5000E-06,-73.5274020013E+00,+101.9947413E-03
+775.0000E-06,-73.5274020013E+00,+101.9915252E-03
+775.5000E-06,-73.5274020013E+00,+101.9883091E-03
+776.0000E-06,-73.5274020013E+00,+101.9850930E-03
+776.5000E-06,-73.5274020013E+00,+101.9818769E-03
+777.0000E-06,-73.5274020013E+00,+101.9786609E-03
+777.5000E-06,-73.5274020013E+00,+101.9754448E-03
+778.0000E-06,-73.5274020013E+00,+101.9722287E-03
+778.5000E-06,-73.5274020013E+00,+101.9690126E-03
+779.0000E-06,-73.5274020013E+00,+101.9657965E-03
+779.5000E-06,-73.5274020013E+00,+101.9625805E-03
+780.0000E-06,-73.5274020013E+00,+101.9593644E-03
+780.5000E-06,-73.5274020013E+00,+101.9561483E-03
+781.0000E-06,-73.5274020013E+00,+101.9529322E-03
+781.5000E-06,-73.5274020013E+00,+101.9497161E-03
+782.0000E-06,-73.5274020013E+00,+101.9465001E-03
+782.5000E-06,-73.5274020013E+00,+101.9432840E-03
+783.0000E-06,-73.5274020013E+00,+101.9400679E-03
+783.5000E-06,-73.5274020013E+00,+101.9368518E-03
+784.0000E-06,-73.5274020013E+00,+101.9336357E-03
+784.5000E-06,-73.5274020013E+00,+101.9304197E-03
+785.0000E-06,-73.5274020013E+00,+101.9272036E-03
+785.5000E-06,-73.5274020013E+00,+101.9239875E-03
+786.0000E-06,-73.5274020013E+00,+101.9207714E-03
+786.5000E-06,-73.5274020013E+00,+101.9175553E-03
+787.0000E-06,-73.5274020013E+00,+101.9143392E-03
+787.5000E-06,-73.5274020013E+00,+101.9111232E-03
+788.0000E-06,-73.5274020013E+00,+101.9079071E-03
+788.5000E-06,-73.5274020013E+00,+101.9046910E-03
+789.0000E-06,-73.5274020013E+00,+101.9014749E-03
+789.5000E-06,-73.5274020013E+00,+101.8982588E-03
+790.0000E-06,-73.5274020013E+00,+101.8950428E-03
+790.5000E-06,-73.5274020013E+00,+101.8918267E-03
+791.0000E-06,-73.5274020013E+00,+101.8886106E-03
+791.5000E-06,-73.5274020013E+00,+101.8853945E-03
+792.0000E-06,-73.5274020013E+00,+101.8821784E-03
+792.5000E-06,-73.5274020013E+00,+101.8789624E-03
+793.0000E-06,-73.5274020013E+00,+101.8757463E-03
+793.5000E-06,-73.5274020013E+00,+101.8725302E-03
+794.0000E-06,-73.5274020013E+00,+101.8693141E-03
+794.5000E-06,-73.5274020013E+00,+101.8660980E-03
+795.0000E-06,-73.5274020013E+00,+101.8628820E-03
+795.5000E-06,-73.5274020013E+00,+101.8596659E-03
+796.0000E-06,-73.5274020013E+00,+101.8564498E-03
+796.5000E-06,-73.5274020013E+00,+101.8532337E-03
+797.0000E-06,-73.5274020013E+00,+101.8500176E-03
+797.5000E-06,-73.5274020013E+00,+101.8468016E-03
+798.0000E-06,-73.5274020013E+00,+101.8435855E-03
+798.5000E-06,-73.5274020013E+00,+101.8403694E-03
+799.0000E-06,-73.5274020013E+00,+101.8371533E-03
+799.5000E-06,-73.5274020013E+00,+101.8339372E-03
+800.0000E-06,-73.5274020013E+00,+101.8307212E-03
+800.5000E-06,-73.5274020013E+00,+101.8275051E-03
+801.0000E-06,-73.5274020013E+00,+101.8242890E-03
+801.5000E-06,-73.5274020013E+00,+101.8210729E-03
+802.0000E-06,-73.5274020013E+00,+101.8178568E-03
+802.5000E-06,-73.5274020013E+00,+101.8146408E-03
+803.0000E-06,-73.5274020013E+00,+101.8114247E-03
+803.5000E-06,-73.5274020013E+00,+101.8082086E-03
+804.0000E-06,-73.5274020013E+00,+101.8049925E-03
+804.5000E-06,-73.5274020013E+00,+101.8017764E-03
+805.0000E-06,-73.5274020013E+00,+101.7985604E-03
+805.5000E-06,-73.5274020013E+00,+101.7953443E-03
+806.0000E-06,-73.5274020013E+00,+101.7921282E-03
+806.5000E-06,-73.5274020013E+00,+101.7889121E-03
+807.0000E-06,-73.5274020013E+00,+101.7856960E-03
+807.5000E-06,-73.5274020013E+00,+101.7824800E-03
+808.0000E-06,-73.5274020013E+00,+101.7792639E-03
+808.5000E-06,-73.5274020013E+00,+101.7760478E-03
+809.0000E-06,-73.5274020013E+00,+101.7728317E-03
+809.5000E-06,-73.5274020013E+00,+101.7696156E-03
+810.0000E-06,-73.5274020013E+00,+101.7663996E-03
+810.5000E-06,-73.5274020013E+00,+101.7631835E-03
+811.0000E-06,-73.5274020013E+00,+101.7599674E-03
+811.5000E-06,-73.5274020013E+00,+101.7567513E-03
+812.0000E-06,-73.5274020013E+00,+101.7535352E-03
+812.5000E-06,-73.5274020013E+00,+101.7503192E-03
+813.0000E-06,-73.5274020013E+00,+101.7471031E-03
+813.5000E-06,-73.5274020013E+00,+101.7438870E-03
+814.0000E-06,-73.5274020013E+00,+101.7406709E-03
+814.5000E-06,-73.5274020013E+00,+101.7374548E-03
+815.0000E-06,-73.5274020013E+00,+101.7342387E-03
+815.5000E-06,-73.5274020013E+00,+101.7310227E-03
+816.0000E-06,-73.5274020013E+00,+101.7278066E-03
+816.5000E-06,-73.5274020013E+00,+101.7245905E-03
+817.0000E-06,-73.5274020013E+00,+101.7213744E-03
+817.5000E-06,-73.5274020013E+00,+101.7181583E-03
+818.0000E-06,-73.5274020013E+00,+101.7149423E-03
+818.5000E-06,-73.5274020013E+00,+101.7117262E-03
+819.0000E-06,-73.5274020013E+00,+101.7085101E-03
+819.5000E-06,-73.5274020013E+00,+101.7052940E-03
+820.0000E-06,-73.5274020013E+00,+101.7020779E-03
+820.5000E-06,-73.5274020013E+00,+101.6988619E-03
+821.0000E-06,-73.5274020013E+00,+101.6956458E-03
+821.5000E-06,-73.5274020013E+00,+101.6924297E-03
+822.0000E-06,-73.5274020013E+00,+101.6892136E-03
+822.5000E-06,-73.5274020013E+00,+101.6859975E-03
+823.0000E-06,-73.5274020013E+00,+101.6827815E-03
+823.5000E-06,-73.5274020013E+00,+101.6795654E-03
+824.0000E-06,-73.5274020013E+00,+101.6763493E-03
+824.5000E-06,-73.5274020013E+00,+101.6731332E-03
+825.0000E-06,-73.5274020013E+00,+101.6699171E-03
+825.5000E-06,-73.5274020013E+00,+101.6667011E-03
+826.0000E-06,-73.5274020013E+00,+101.6634850E-03
+826.5000E-06,-73.5274020013E+00,+101.6602689E-03
+827.0000E-06,-73.5274020013E+00,+101.6570528E-03
+827.5000E-06,-73.5274020013E+00,+101.6538367E-03
+828.0000E-06,-73.5274020013E+00,+101.6506207E-03
+828.5000E-06,-73.5274020013E+00,+101.6474046E-03
+829.0000E-06,-73.5274020013E+00,+101.6441885E-03
+829.5000E-06,-73.5274020013E+00,+101.6409724E-03
+830.0000E-06,-73.5274020013E+00,+101.6377563E-03
+830.5000E-06,-73.5274020013E+00,+101.6345403E-03
+831.0000E-06,-73.5274020013E+00,+101.6313242E-03
+831.5000E-06,-73.5274020013E+00,+101.6281081E-03
+832.0000E-06,-73.5274020013E+00,+101.6248920E-03
+832.5000E-06,-73.5274020013E+00,+101.6216759E-03
+833.0000E-06,-73.5274020013E+00,+101.6184599E-03
+833.5000E-06,-73.5274020013E+00,+101.6152438E-03
+834.0000E-06,-73.5274020013E+00,+101.6120277E-03
+834.5000E-06,-73.5274020013E+00,+101.6088116E-03
+835.0000E-06,-73.5274020013E+00,+101.6055955E-03
+835.5000E-06,-73.5274020013E+00,+101.6023795E-03
+836.0000E-06,-73.5274020013E+00,+101.5991634E-03
+836.5000E-06,-73.5274020013E+00,+101.5959473E-03
+837.0000E-06,-73.5274020013E+00,+101.5927312E-03
+837.5000E-06,-73.5274020013E+00,+101.5895151E-03
+838.0000E-06,-73.5274020013E+00,+101.5862991E-03
+838.5000E-06,-73.5274020013E+00,+101.5830830E-03
+839.0000E-06,-73.5274020013E+00,+101.5798669E-03
+839.5000E-06,-73.5274020013E+00,+101.5766508E-03
+840.0000E-06,-73.5274020013E+00,+101.5734347E-03
+840.5000E-06,-73.5274020013E+00,+101.5702187E-03
+841.0000E-06,-73.5274020013E+00,+101.5670026E-03
+841.5000E-06,-73.5274020013E+00,+101.5637865E-03
+842.0000E-06,-73.5274020013E+00,+101.5605704E-03
+842.5000E-06,-73.5274020013E+00,+101.5573543E-03
+843.0000E-06,-73.5274020013E+00,+101.5541382E-03
+843.5000E-06,-73.5274020013E+00,+101.5509222E-03
+844.0000E-06,-73.5274020013E+00,+101.5477061E-03
+844.5000E-06,-73.5274020013E+00,+101.5444900E-03
+845.0000E-06,-73.5274020013E+00,+101.5412739E-03
+845.5000E-06,-73.5274020013E+00,+101.5380578E-03
+846.0000E-06,-73.5274020013E+00,+101.5348418E-03
+846.5000E-06,-73.5274020013E+00,+101.5316257E-03
+847.0000E-06,-73.5274020013E+00,+101.5284096E-03
+847.5000E-06,-73.5274020013E+00,+101.5251935E-03
+848.0000E-06,-73.5274020013E+00,+101.5219774E-03
+848.5000E-06,-73.5274020013E+00,+101.5187614E-03
+849.0000E-06,-73.5274020013E+00,+101.5155453E-03
+849.5000E-06,-73.5274020013E+00,+101.5123292E-03
+850.0000E-06,-73.5274020013E+00,+101.5091131E-03
+850.5000E-06,-73.5274020013E+00,+101.5058970E-03
+851.0000E-06,-73.5274020013E+00,+101.5026810E-03
+851.5000E-06,-73.5274020013E+00,+101.4994649E-03
+852.0000E-06,-73.5274020013E+00,+101.4962488E-03
+852.5000E-06,-73.5274020013E+00,+101.4930327E-03
+853.0000E-06,-73.5274020013E+00,+101.4898166E-03
+853.5000E-06,-73.5274020013E+00,+101.4866006E-03
+854.0000E-06,-73.5274020013E+00,+101.4833845E-03
+854.5000E-06,-73.5274020013E+00,+101.4801684E-03
+855.0000E-06,-73.5274020013E+00,+101.4769523E-03
+855.5000E-06,-73.5274020013E+00,+101.4737362E-03
+856.0000E-06,-73.5274020013E+00,+101.4705202E-03
+856.5000E-06,-73.5274020013E+00,+101.4673041E-03
+857.0000E-06,-73.5274020013E+00,+101.4640880E-03
+857.5000E-06,-73.5274020013E+00,+101.4608719E-03
+858.0000E-06,-73.5274020013E+00,+101.4576558E-03
+858.5000E-06,-73.5274020013E+00,+101.4544398E-03
+859.0000E-06,-73.5274020013E+00,+101.4512237E-03
+859.5000E-06,-73.5274020013E+00,+101.4505001E-03
+860.0000E-06,-73.5274020013E+00,+101.4572538E-03
+860.5000E-06,-73.5274020013E+00,+101.4640076E-03
+861.0000E-06,-73.5274020013E+00,+101.4707614E-03
+861.5000E-06,-73.5274020013E+00,+101.4775151E-03
+862.0000E-06,-73.5274020013E+00,+101.4842689E-03
+862.5000E-06,-73.5274020013E+00,+101.4910227E-03
+863.0000E-06,-73.5274020013E+00,+101.4977764E-03
+863.5000E-06,-73.5274020013E+00,+101.5045302E-03
+864.0000E-06,-73.5274020013E+00,+101.5112840E-03
+864.5000E-06,-73.5274020013E+00,+101.5180377E-03
+865.0000E-06,-73.5274020013E+00,+101.5247915E-03
+865.5000E-06,-73.5274020013E+00,+101.5315453E-03
+866.0000E-06,-73.5274020013E+00,+101.5382991E-03
+866.5000E-06,-73.5274020013E+00,+101.5450528E-03
+867.0000E-06,-73.5274020013E+00,+101.5518066E-03
+867.5000E-06,-73.5274020013E+00,+101.5585604E-03
+868.0000E-06,-73.5274020013E+00,+101.5653141E-03
+868.5000E-06,-73.5274020013E+00,+101.5720679E-03
+869.0000E-06,-73.5274020013E+00,+101.5788217E-03
+869.5000E-06,-73.5274020013E+00,+101.5855754E-03
+870.0000E-06,-73.5274020013E+00,+101.5923292E-03
+870.5000E-06,-73.5274020013E+00,+101.5990830E-03
+871.0000E-06,-73.5274020013E+00,+101.6058367E-03
+871.5000E-06,-73.5274020013E+00,+101.6125905E-03
+872.0000E-06,-73.5274020013E+00,+101.6193443E-03
+872.5000E-06,-73.5274020013E+00,+101.6260980E-03
+873.0000E-06,-73.5274020013E+00,+101.6328518E-03
+873.5000E-06,-73.5274020013E+00,+101.6396056E-03
+874.0000E-06,-73.5274020013E+00,+101.6463594E-03
+874.5000E-06,-73.5274020013E+00,+101.6531131E-03
+875.0000E-06,-73.5274020013E+00,+101.6598669E-03
+875.5000E-06,-73.5274020013E+00,+101.6666207E-03
+876.0000E-06,-73.5274020013E+00,+101.6733744E-03
+876.5000E-06,-73.5274020013E+00,+101.6801282E-03
+877.0000E-06,-73.5274020013E+00,+101.6868820E-03
+877.5000E-06,-73.5274020013E+00,+101.6936357E-03
+878.0000E-06,-73.5274020013E+00,+101.7003895E-03
+878.5000E-06,-73.5274020013E+00,+101.7071433E-03
+879.0000E-06,-73.5274020013E+00,+101.7138970E-03
+879.5000E-06,-73.5274020013E+00,+101.7206508E-03
+880.0000E-06,-73.5274020013E+00,+101.7274046E-03
+880.5000E-06,-73.5274020013E+00,+101.7341583E-03
+881.0000E-06,-73.5274020013E+00,+101.7409121E-03
+881.5000E-06,-73.5274020013E+00,+101.7476659E-03
+882.0000E-06,-73.5274020013E+00,+101.7544197E-03
+882.5000E-06,-73.5274020013E+00,+101.7611734E-03
+883.0000E-06,-73.5274020013E+00,+101.7679272E-03
+883.5000E-06,-73.5274020013E+00,+101.7746810E-03
+884.0000E-06,-73.5274020013E+00,+101.7814347E-03
+884.5000E-06,-73.5274020013E+00,+101.7881885E-03
+885.0000E-06,-73.5274020013E+00,+101.7949423E-03
+885.5000E-06,-73.5274020013E+00,+101.8016960E-03
+886.0000E-06,-73.5274020013E+00,+101.8084498E-03
+886.5000E-06,-73.5274020013E+00,+101.8152036E-03
+887.0000E-06,-73.5274020013E+00,+101.8219573E-03
+887.5000E-06,-73.5274020013E+00,+101.8287111E-03
+888.0000E-06,-73.5274020013E+00,+101.8354649E-03
+888.5000E-06,-73.5274020013E+00,+101.8422186E-03
+889.0000E-06,-73.5274020013E+00,+101.8489724E-03
+889.5000E-06,-73.5274020013E+00,+101.8557262E-03
+890.0000E-06,-73.5274020013E+00,+101.8624800E-03
+890.5000E-06,-73.5274020013E+00,+101.8692337E-03
+891.0000E-06,-73.5274020013E+00,+101.8759875E-03
+891.5000E-06,-73.5274020013E+00,+101.8827413E-03
+892.0000E-06,-73.5274020013E+00,+101.8894950E-03
+892.5000E-06,-73.5274020013E+00,+101.8962488E-03
+893.0000E-06,-73.5274020013E+00,+101.9030026E-03
+893.5000E-06,-73.5274020013E+00,+101.9097563E-03
+894.0000E-06,-73.5274020013E+00,+101.9165101E-03
+894.5000E-06,-73.5274020013E+00,+101.9232639E-03
+895.0000E-06,-73.5274020013E+00,+101.9300176E-03
+895.5000E-06,-73.5274020013E+00,+101.9367714E-03
+896.0000E-06,-73.5274020013E+00,+101.9435252E-03
+896.5000E-06,-73.5274020013E+00,+101.9502789E-03
+897.0000E-06,-73.5274020013E+00,+101.9570327E-03
+897.5000E-06,-73.5274020013E+00,+101.9637865E-03
+898.0000E-06,-73.5274020013E+00,+101.9705403E-03
+898.5000E-06,-73.5274020013E+00,+101.9772940E-03
+899.0000E-06,-73.5274020013E+00,+101.9840478E-03
+899.5000E-06,-73.5274020013E+00,+101.9908016E-03
+900.0000E-06,-73.5274020013E+00,+101.9975553E-03
+900.5000E-06,-73.5274020013E+00,+102.0043091E-03
+901.0000E-06,-73.5274020013E+00,+102.0110629E-03
+901.5000E-06,-73.5274020013E+00,+102.0178166E-03
+902.0000E-06,-73.5274020013E+00,+102.0245704E-03
+902.5000E-06,-73.5274020013E+00,+102.0313242E-03
+903.0000E-06,-73.5274020013E+00,+102.0380779E-03
+903.5000E-06,-73.5274020013E+00,+102.0448317E-03
+904.0000E-06,-73.5274020013E+00,+102.0515855E-03
+904.5000E-06,-73.5274020013E+00,+102.0583392E-03
+905.0000E-06,-73.5274020013E+00,+102.0650930E-03
+905.5000E-06,-73.5274020013E+00,+102.0718468E-03
+906.0000E-06,-73.5274020013E+00,+102.0786006E-03
+906.5000E-06,-73.5274020013E+00,+102.0853543E-03
+907.0000E-06,-73.5274020013E+00,+102.0921081E-03
+907.5000E-06,-73.5274020013E+00,+102.0988619E-03
+908.0000E-06,-73.5274020013E+00,+102.1056156E-03
+908.5000E-06,-73.5274020013E+00,+102.1123694E-03
+909.0000E-06,-73.5274020013E+00,+102.1191232E-03
+909.5000E-06,-73.5274020013E+00,+102.1258769E-03
+910.0000E-06,-73.5274020013E+00,+102.1326307E-03
+910.5000E-06,-73.5274020013E+00,+102.1393845E-03
+911.0000E-06,-73.5274020013E+00,+102.1461382E-03
+911.5000E-06,-73.5274020013E+00,+102.1528920E-03
+912.0000E-06,-73.5274020013E+00,+102.1596458E-03
+912.5000E-06,-73.5274020013E+00,+102.1663995E-03
+913.0000E-06,-73.5274020013E+00,+102.1731533E-03
+913.5000E-06,-73.5274020013E+00,+102.1799071E-03
+914.0000E-06,-73.5274020013E+00,+102.1866609E-03
+914.5000E-06,-73.5274020013E+00,+102.1934146E-03
+915.0000E-06,-73.5274020013E+00,+102.2001684E-03
+915.5000E-06,-73.5274020013E+00,+102.2069222E-03
+916.0000E-06,-73.5274020013E+00,+102.2136759E-03
+916.5000E-06,-73.5274020013E+00,+102.2204297E-03
+917.0000E-06,-73.5274020013E+00,+102.2271835E-03
+917.5000E-06,-73.5274020013E+00,+102.2339372E-03
+918.0000E-06,-73.5274020013E+00,+102.2406910E-03
+918.5000E-06,-73.5274020013E+00,+102.2474448E-03
+919.0000E-06,-73.5274020013E+00,+102.2541985E-03
+919.5000E-06,-73.5274020013E+00,+102.2609523E-03
+920.0000E-06,-73.5274020013E+00,+102.2677061E-03
+920.5000E-06,-73.5274020013E+00,+102.2744598E-03
+921.0000E-06,-73.5274020013E+00,+102.2812136E-03
+921.5000E-06,-73.5274020013E+00,+102.2879674E-03
+922.0000E-06,-73.5274020013E+00,+102.2947212E-03
+922.5000E-06,-73.5274020013E+00,+102.3014749E-03
+923.0000E-06,-73.5274020013E+00,+102.3082287E-03
+923.5000E-06,-73.5274020013E+00,+102.3149825E-03
+924.0000E-06,-73.5274020013E+00,+102.3217362E-03
+924.5000E-06,-73.5274020013E+00,+102.3284900E-03
+925.0000E-06,-73.5274020013E+00,+102.3352438E-03
+925.5000E-06,-73.5274020013E+00,+102.3419975E-03
+926.0000E-06,-73.5274020013E+00,+102.3487513E-03
+926.5000E-06,-73.5274020013E+00,+102.3555051E-03
+927.0000E-06,-73.5274020013E+00,+102.3622588E-03
+927.5000E-06,-73.5274020013E+00,+102.3690126E-03
+928.0000E-06,-73.5274020013E+00,+102.3757664E-03
+928.5000E-06,-73.5274020013E+00,+102.3825201E-03
+929.0000E-06,-73.5274020013E+00,+102.3892739E-03
+929.5000E-06,-73.5274020013E+00,+102.3960277E-03
+930.0000E-06,-73.5274020013E+00,+102.4027815E-03
+930.5000E-06,-73.5274020013E+00,+102.4095352E-03
+931.0000E-06,-73.5274020013E+00,+102.4162890E-03
+931.5000E-06,-73.5274020013E+00,+102.4230428E-03
+932.0000E-06,-73.5274020013E+00,+102.4297965E-03
+932.5000E-06,-73.5274020013E+00,+102.4365503E-03
+933.0000E-06,-73.5274020013E+00,+102.4433041E-03
+933.5000E-06,-73.5274020013E+00,+102.4500578E-03
+934.0000E-06,-73.5274020013E+00,+102.4568116E-03
+934.5000E-06,-73.5274020013E+00,+102.4635654E-03
+935.0000E-06,-73.5274020013E+00,+102.4703191E-03
+935.5000E-06,-73.5274020013E+00,+102.4770729E-03
+936.0000E-06,-73.5274020013E+00,+102.4838267E-03
+936.5000E-06,-73.5274020013E+00,+102.4905804E-03
+937.0000E-06,-73.5274020013E+00,+102.4973342E-03
+937.5000E-06,-73.5274020013E+00,+102.5040880E-03
+938.0000E-06,-73.5275563732E+00,+102.4999071E-03
+938.5000E-06,-73.5277107450E+00,+102.4957262E-03
+939.0000E-06,-73.5278651169E+00,+102.4915453E-03
+939.5000E-06,-73.5280194887E+00,+102.4873644E-03
+940.0000E-06,-73.5281738606E+00,+102.4831835E-03
+940.5000E-06,-73.5283282325E+00,+102.4790026E-03
+941.0000E-06,-73.5284826043E+00,+102.4748217E-03
+941.5000E-06,-73.5286369762E+00,+102.4706408E-03
+942.0000E-06,-73.5287913480E+00,+102.4664598E-03
+942.5000E-06,-73.5289457199E+00,+102.4622789E-03
+943.0000E-06,-73.5291000918E+00,+102.4580980E-03
+943.5000E-06,-73.5292544636E+00,+102.4539171E-03
+944.0000E-06,-73.5294088355E+00,+102.4497362E-03
+944.5000E-06,-73.5295632073E+00,+102.4455553E-03
+945.0000E-06,-73.5297175792E+00,+102.4413744E-03
+945.5000E-06,-73.5298719510E+00,+102.4371935E-03
+946.0000E-06,-73.5300263229E+00,+102.4330126E-03
+946.5000E-06,-73.5301806948E+00,+102.4288317E-03
+947.0000E-06,-73.5303350666E+00,+102.4246508E-03
+947.5000E-06,-73.5304894385E+00,+102.4204699E-03
+948.0000E-06,-73.5306438103E+00,+102.4162890E-03
+948.5000E-06,-73.5307981822E+00,+102.4121081E-03
+949.0000E-06,-73.5309525540E+00,+102.4079272E-03
+949.5000E-06,-73.5311069259E+00,+102.4037463E-03
+950.0000E-06,-73.5312612978E+00,+102.3995654E-03
+950.5000E-06,-73.5314156696E+00,+102.3953845E-03
+951.0000E-06,-73.5315700415E+00,+102.3912036E-03
+951.5000E-06,-73.5317244133E+00,+102.3870227E-03
+952.0000E-06,-73.5318787852E+00,+102.3828418E-03
+952.5000E-06,-73.5320331570E+00,+102.3786609E-03
+953.0000E-06,-73.5321875289E+00,+102.3744799E-03
+953.5000E-06,-73.5323419008E+00,+102.3702990E-03
+954.0000E-06,-73.5324962726E+00,+102.3661181E-03
+954.5000E-06,-73.5326506445E+00,+102.3619372E-03
+955.0000E-06,-73.5328050163E+00,+102.3577563E-03
+955.5000E-06,-73.5329593882E+00,+102.3535754E-03
+956.0000E-06,-73.5331137600E+00,+102.3493945E-03
+956.5000E-06,-73.5332681319E+00,+102.3452136E-03
+957.0000E-06,-73.5334225038E+00,+102.3410327E-03
+957.5000E-06,-73.5335768756E+00,+102.3368518E-03
+958.0000E-06,-73.5337312475E+00,+102.3326709E-03
+958.5000E-06,-73.5338856193E+00,+102.3284900E-03
+959.0000E-06,-73.5340399912E+00,+102.3243091E-03
+959.5000E-06,-73.5341943631E+00,+102.3201282E-03
+960.0000E-06,-73.5343487349E+00,+102.3159473E-03
+960.5000E-06,-73.5345031068E+00,+102.3117664E-03
+961.0000E-06,-73.5346574786E+00,+102.3075855E-03
+961.5000E-06,-73.5348118505E+00,+102.3034046E-03
+962.0000E-06,-73.5349662223E+00,+102.2992237E-03
+962.5000E-06,-73.5351205942E+00,+102.2950428E-03
+963.0000E-06,-73.5352749661E+00,+102.2908619E-03
+963.5000E-06,-73.5354293379E+00,+102.2866810E-03
+964.0000E-06,-73.5355837098E+00,+102.2825000E-03
+964.5000E-06,-73.5357380816E+00,+102.2783191E-03
+965.0000E-06,-73.5358924535E+00,+102.2741382E-03
+965.5000E-06,-73.5360468253E+00,+102.2699573E-03
+966.0000E-06,-73.5362011972E+00,+102.2657764E-03
+966.5000E-06,-73.5363555691E+00,+102.2615955E-03
+967.0000E-06,-73.5365099409E+00,+102.2574146E-03
+967.5000E-06,-73.5366643128E+00,+102.2532337E-03
+968.0000E-06,-73.5368186846E+00,+102.2490528E-03
+968.5000E-06,-73.5369730565E+00,+102.2448719E-03
+969.0000E-06,-73.5371274283E+00,+102.2406910E-03
+969.5000E-06,-73.5372818002E+00,+102.2365101E-03
+970.0000E-06,-73.5374361721E+00,+102.2323292E-03
+970.5000E-06,-73.5375905439E+00,+102.2281483E-03
+971.0000E-06,-73.5377449158E+00,+102.2239674E-03
+971.5000E-06,-73.5378992876E+00,+102.2197865E-03
+972.0000E-06,-73.5380536595E+00,+102.2156056E-03
+972.5000E-06,-73.5382080314E+00,+102.2114247E-03
+973.0000E-06,-73.5383624032E+00,+102.2072438E-03
+973.5000E-06,-73.5385167751E+00,+102.2030629E-03
+974.0000E-06,-73.5386711469E+00,+102.1988820E-03
+974.5000E-06,-73.5388255188E+00,+102.1947011E-03
+975.0000E-06,-73.5389798906E+00,+102.1905202E-03
+975.5000E-06,-73.5391342625E+00,+102.1863392E-03
+976.0000E-06,-73.5392886344E+00,+102.1821583E-03
+976.5000E-06,-73.5394430062E+00,+102.1779774E-03
+977.0000E-06,-73.5395973781E+00,+102.1737965E-03
+977.5000E-06,-73.5397517499E+00,+102.1696156E-03
+978.0000E-06,-73.5399061218E+00,+102.1654347E-03
+978.5000E-06,-73.5400604936E+00,+102.1612538E-03
+979.0000E-06,-73.5402148655E+00,+102.1570729E-03
+979.5000E-06,-73.5403692374E+00,+102.1528920E-03
+980.0000E-06,-73.5405236092E+00,+102.1487111E-03
+980.5000E-06,-73.5406779811E+00,+102.1445302E-03
+981.0000E-06,-73.5408323529E+00,+102.1403493E-03
+981.5000E-06,-73.5409867248E+00,+102.1361684E-03
+982.0000E-06,-73.5411410966E+00,+102.1319875E-03
+982.5000E-06,-73.5412954685E+00,+102.1278066E-03
+983.0000E-06,-73.5414498404E+00,+102.1236257E-03
+983.5000E-06,-73.5416042122E+00,+102.1194448E-03
+984.0000E-06,-73.5417585841E+00,+102.1152639E-03
+984.5000E-06,-73.5419129559E+00,+102.1110830E-03
+985.0000E-06,-73.5420673278E+00,+102.1069021E-03
+985.5000E-06,-73.5422216997E+00,+102.1027212E-03
+986.0000E-06,-73.5423760715E+00,+102.0985403E-03
+986.5000E-06,-73.5425304434E+00,+102.0943593E-03
+987.0000E-06,-73.5426848152E+00,+102.0901784E-03
+987.5000E-06,-73.5428391871E+00,+102.0859975E-03
+988.0000E-06,-73.5429935589E+00,+102.0818166E-03
+988.5000E-06,-73.5431479308E+00,+102.0776357E-03
+989.0000E-06,-73.5433023027E+00,+102.0734548E-03
+989.5000E-06,-73.5434566745E+00,+102.0692739E-03
+990.0000E-06,-73.5436110464E+00,+102.0650930E-03
+990.5000E-06,-73.5437654182E+00,+102.0609121E-03
+991.0000E-06,-73.5439197901E+00,+102.0567312E-03
+991.5000E-06,-73.5440741619E+00,+102.0525503E-03
+992.0000E-06,-73.5442285338E+00,+102.0483694E-03
+992.5000E-06,-73.5443829057E+00,+102.0441885E-03
+993.0000E-06,-73.5445372775E+00,+102.0400076E-03
+993.5000E-06,-73.5446916494E+00,+102.0358267E-03
+994.0000E-06,-73.5448460212E+00,+102.0316458E-03
+994.5000E-06,-73.5450003931E+00,+102.0274649E-03
+995.0000E-06,-73.5451547649E+00,+102.0232840E-03
+995.5000E-06,-73.5453091368E+00,+102.0191031E-03
+996.0000E-06,-73.5454635087E+00,+102.0149222E-03
+996.5000E-06,-73.5456178805E+00,+102.0107413E-03
+997.0000E-06,-73.5457722524E+00,+102.0065604E-03
+997.5000E-06,-73.5459266242E+00,+102.0023794E-03
+998.0000E-06,-73.5460809961E+00,+101.9981985E-03
+998.5000E-06,-73.5462353679E+00,+101.9940176E-03
+999.0000E-06,-73.5463897398E+00,+101.9898367E-03
+999.5000E-06,-73.5465441117E+00,+101.9856558E-03
